asset,atr,eligible_markets,passing_markets,added_markets,paired_same_side,cheaper,same_price,dearer,mean_paired_saving_cents,mean_paired_seconds_earlier,mean_first_ask,mean_added_ask,passing_snapshots
ETH,0.95,148,81,0,81,0,81,0,0.0,0.0,0.9193703703703704,,3334
ETH,0.9,148,97,16,80,28,50,2,0.4974999999999995,6.627247971296311,0.9174536082474227,0.932,4119
ETH,0.85,148,111,30,79,39,36,4,1.168354430379746,16.047210563587235,0.9137387387387388,0.9296666666666666,5146
ETH,0.8,148,116,35,79,46,28,5,2.1101265822784803,29.225076334385932,0.9056206896551724,0.9220285714285714,6436
ETH,0.75,148,124,43,78,49,27,2,2.6910256410256403,39.87788083614447,0.898475806451613,0.9124883720930232,7678
XRP,1.25,141,27,0,27,0,27,0,0.0,0.0,0.9436666666666667,,358
XRP,1.15,141,37,10,27,15,10,2,0.8444444444444431,15.248157757299918,0.9408378378378378,0.956,583
XRP,1.1,141,45,18,27,18,7,2,1.2296296296296274,22.066141693680375,0.9383111111111111,0.9487222222222222,819
XRP,1,141,71,44,27,22,4,1,2.122222222222218,41.16265194504349,0.9335352112676056,0.9403409090909091,1678
XRP,0.9,141,99,72,27,23,4,0,3.166666666666662,72.01580262184143,0.927969696969697,0.9339583333333333,2977
DOGE,1.1,153,56,0,56,0,56,0,0.0,0.0,0.928875,,1683
DOGE,1.05,153,64,8,56,20,30,6,0.3642857142857138,10.045616405350822,0.927890625,0.9465,2170
DOGE,1,153,71,15,56,27,24,5,0.7249999999999986,19.145160819802964,0.9255774647887324,0.9403333333333334,2771
DOGE,0.95,153,81,25,56,37,16,3,1.298214285714284,29.577009673629487,0.9236543209876543,0.94104,3507
DOGE,0.9,153,95,39,56,41,13,2,1.960714285714283,38.47825769015721,0.9189157894736842,0.9327692307692308,4331
BNB,1.25,142,34,0,34,0,34,0,0.0,0.0,0.9219411764705883,,535
BNB,1.15,142,43,9,33,13,17,3,0.4484848484848482,9.269873200040875,0.9251395348837209,0.9492222222222222,879
BNB,1.1,142,50,16,33,15,15,3,0.6818181818181814,24.55585310675881,0.92542,0.944375,1129
BNB,1,142,70,36,32,17,9,6,1.4562499999999985,50.4360084682703,0.9252,0.9398333333333333,1885
BNB,0.9,142,83,49,30,20,6,4,2.009999999999998,72.94564028580983,0.9190843373493975,0.9269591836734694,2782
HYPE,1.15,142,38,0,38,0,38,0,0.0,0.0,0.9436842105263158,,679
HYPE,1.1,142,50,12,38,12,23,3,0.35263157894736785,9.269975568118848,0.94204,0.948,897
HYPE,1.05,142,64,26,37,19,16,2,0.7027027027027012,17.384151909802412,0.939140625,0.9427692307692307,1153
HYPE,1,142,76,38,37,24,11,2,1.308108108108106,21.62546270602458,0.9357763157894736,0.9408947368421052,1529
HYPE,0.9,142,98,60,37,28,6,3,2.4918918918918895,44.91192509676959,0.9309897959183674,0.9387166666666666,2615
