stop,trades,net_pnl,delta_vs_modeled55,wins,losses,stopped,settlement_winners_stopped,actual_winners_turned_losses,avg_pnl_per_contract_cents
5,212,68.0465,48.1701,199,13,13,0,0,1.7109
10,212,19.8784,0.002,196,16,16,3,0,0.6211
15,212,41.9126,22.0362,196,16,16,3,0,1.2247
20,212,44.1713,24.2949,195,17,17,4,0,1.157
25,212,47.8501,27.9737,194,18,18,5,0,1.3117
30,212,45.3905,25.5141,193,19,19,6,0,1.1733
35,212,44.3081,24.4317,192,20,20,7,0,1.1853
40,212,28.5397,8.6633,190,22,22,9,0,0.6968
45,212,43.9375,24.0611,187,25,25,12,2,0.952
50,212,48.7791,28.9027,185,27,27,14,2,1.045
55,212,19.8764,0.0,177,35,36,23,4,0.1717
60,212,17.7016,-2.1748,176,36,37,24,5,0.2388
65,212,25.1003,5.2239,174,38,39,26,7,0.3491
70,212,39.8124,19.936,170,42,43,30,11,0.6084
75,212,18.8833,-0.9931,160,52,53,40,21,0.2028
80,212,-5.7646,-25.641,143,69,70,57,38,-0.3514
