asset,market,entry_time_et,entry_timestamp,seconds_remaining,side,contracts,cost,fees,net_pnl,status,exit_reason,close_timestamp
SOL,KXSOL15M-26SEP301800-00,2026-09-30T17:51:34.563566-04:00,1790805094.563566,505.43643403053284,no,25.00,22.957000,0.131400,1.911600,CLOSED,SETTLEMENT,1790805600.0
XRP,KXXRP15M-26SEP301800-00,2026-09-30T17:51:56.357449-04:00,1790805116.357449,483.642550945282,no,20.00,17.800000,0.486400,-8.736400,CLOSED,HARD_STOP,1790805600.0
DOGE,KXDOGE15M-26SEP301800-00,2026-09-30T17:52:02.665216-04:00,1790805122.665216,477.3347840309143,no,10.00,9.230000,0.049800,0.720200,CLOSED,SETTLEMENT,1790805600.0
DOGE,KXDOGE15M-26SEP301815-15,2026-09-30T18:05:01.895870-04:00,1790805901.89587,598.1041300296783,no,10.00,9.043830,0.060570,0.895600,CLOSED,SETTLEMENT,1790806500.0
ETH,KXETH15M-26SEP301815-15,2026-09-30T18:06:01.516863-04:00,1790805961.516863,538.4831368923187,no,10.00,8.600000,0.084300,1.315700,CLOSED,SETTLEMENT,1790806500.0
SOL,KXSOL15M-26SEP301815-15,2026-09-30T18:06:24.514196-04:00,1790805984.514196,515.4858040809631,no,25.00,23.395000,0.105200,1.499800,CLOSED,SETTLEMENT,1790806500.0
BTC,KXBTC15M-26SEP301815-15,2026-09-30T18:06:30.503796-04:00,1790805990.503796,509.49620389938354,no,20.00,16.800000,0.188200,3.011800,CLOSED,SETTLEMENT,1790806500.0
ETH,KXETH15M-26SEP301830-30,2026-09-30T18:20:31.855182-04:00,1790806831.855182,568.1448180675507,yes,10.00,9.310000,0.045000,0.645000,CLOSED,SETTLEMENT,1790807400.0
DOGE,KXDOGE15M-26SEP301830-30,2026-09-30T18:22:55.392077-04:00,1790806975.392077,424.60792303085327,yes,10.00,9.513000,0.032500,0.454500,CLOSED,SETTLEMENT,1790807400.0
BTC,KXBTC15M-26SEP301900-00,2026-09-30T18:51:02.897783-04:00,1790808662.897783,537.1022169589996,no,20.00,17.400000,0.158400,2.441600,CLOSED,SETTLEMENT,1790809200.0
ETH,KXETH15M-26SEP301930-30,2026-09-30T19:21:37.907136-04:00,1790810497.907136,502.09286403656006,yes,10.00,9.156000,0.054100,0.789900,CLOSED,SETTLEMENT,1790811000.0
BTC,KXBTC15M-26SEP302015-15,2026-09-30T20:06:08.449550-04:00,1790813168.44955,531.5504500865936,no,20.00,16.800000,0.188200,3.011800,CLOSED,SETTLEMENT,1790813700.0
XRP,KXXRP15M-26SEP302015-15,2026-09-30T20:06:58.957095-04:00,1790813218.957095,481.0429050922394,yes,20.00,16.400000,0.551700,-5.751700,CLOSED,HARD_STOP,1790813700.0
ETH,KXETH15M-26SEP302015-15,2026-09-30T20:07:00.761586-04:00,1790813220.761586,479.23841404914856,no,10.00,8.600000,0.084300,1.315700,CLOSED,SETTLEMENT,1790813700.0
DOGE,KXDOGE15M-26SEP302130-30,2026-09-30T21:20:49.802962-04:00,1790817649.802962,550.197037935257,yes,10.00,9.402570,0.039330,0.558100,CLOSED,SETTLEMENT,1790818200.0
BTC,KXBTC15M-26SEP302145-45,2026-09-30T21:35:39.407331-04:00,1790818539.407331,560.5926690101624,no,20.00,18.440000,0.100700,1.459300,CLOSED,SETTLEMENT,1790819100.0
SOL,KXSOL15M-26SEP302145-45,2026-09-30T21:36:16.255802-04:00,1790818576.255802,523.7441980838776,no,25.00,23.875000,0.075200,1.049800,CLOSED,SETTLEMENT,1790819100.0
ETH,KXETH15M-26SEP302145-45,2026-09-30T21:37:39.897156-04:00,1790818659.897156,440.10284399986267,no,10.00,9.530000,0.031400,0.438600,CLOSED,SETTLEMENT,1790819100.0
ETH,KXETH15M-26SEP302230-30,2026-09-30T22:20:06.486787-04:00,1790821206.486787,593.5132129192352,no,10.00,9.232000,0.049700,0.718300,CLOSED,SETTLEMENT,1790821800.0
BTC,KXBTC15M-26SEP302230-30,2026-09-30T22:20:22.710688-04:00,1790821222.710688,577.2893118858337,no,20.00,18.600000,0.091200,1.308800,CLOSED,SETTLEMENT,1790821800.0
HYPE,KXHYPE15M-26SEP302230-30,2026-09-30T22:21:02.668712-04:00,1790821262.668712,537.3312880992889,no,10.00,9.514000,0.032400,0.453600,CLOSED,SETTLEMENT,1790821800.0
HYPE,KXHYPE15M-26SEP302300-00,2026-09-30T22:52:08.540860-04:00,1790823128.54086,471.45914006233215,no,10.00,9.079000,0.231100,-3.710100,CLOSED,HARD_STOP,1790823600.0
SOL,KXSOL15M-26SEP302315-15,2026-09-30T23:05:10.789948-04:00,1790823910.789948,589.2100520133972,no,25.00,20.250000,0.269400,4.480600,CLOSED,SETTLEMENT,1790824500.0
XRP,KXXRP15M-26OCT010000-00,2026-09-30T23:51:20.739081-04:00,1790826680.739081,519.2609190940857,yes,20.00,16.200000,0.215500,3.584500,CLOSED,SETTLEMENT,1790827200.0
BTC,KXBTC15M-26OCT010030-30,2026-10-01T00:20:50.784363-04:00,1790828450.784363,549.2156369686127,no,25.00,23.575000,0.094100,1.330900,CLOSED,SETTLEMENT,1790829000.0
ETH,KXETH15M-26OCT010045-45,2026-10-01T00:35:03.803034-04:00,1790829303.803034,596.1969659328461,no,10.00,8.900000,0.241900,-3.641900,CLOSED,HARD_STOP,1790829900.0
XRP,KXXRP15M-26OCT010100-00,2026-10-01T00:50:01.011406-04:00,1790830201.011406,598.9885940551758,yes,20.00,18.575000,0.092700,1.332300,CLOSED,SETTLEMENT,1790830800.0
BTC,KXBTC15M-26OCT010100-00,2026-10-01T00:50:08.378754-04:00,1790830208.378754,591.621246099472,yes,25.00,23.398980,0.104920,1.496100,CLOSED,SETTLEMENT,1790830800.0
SOL,KXSOL15M-26OCT010100-00,2026-10-01T00:50:18.434892-04:00,1790830218.434892,581.5651080608368,yes,25.00,23.775000,0.081600,1.143400,CLOSED,SETTLEMENT,1790830800.0
ETH,KXETH15M-26OCT010100-00,2026-10-01T00:50:25.347790-04:00,1790830225.34779,574.6522099971771,yes,10.00,9.600000,0.026900,0.373100,CLOSED,SETTLEMENT,1790830800.0
SOL,KXSOL15M-26OCT010145-45,2026-10-01T01:35:00.602478-04:00,1790832900.602478,599.3975219726562,yes,25.00,22.400000,0.163100,2.436900,CLOSED,SETTLEMENT,1790833500.0
XRP,KXXRP15M-26OCT010145-45,2026-10-01T01:37:54.393167-04:00,1790833074.393167,425.6068329811096,yes,20.00,18.380000,0.104300,1.515700,CLOSED,SETTLEMENT,1790833500.0
BTC,KXBTC15M-26OCT010200-00,2026-10-01T01:51:03.367659-04:00,1790833863.367659,536.6323409080505,yes,25.00,22.250000,0.171400,2.578600,CLOSED,SETTLEMENT,1790834400.0
XRP,KXXRP15M-26OCT010230-30,2026-10-01T02:21:06.254995-04:00,1790835666.254995,533.7450048923492,no,15.00,12.190000,0.422300,-4.962300,CLOSED,HARD_STOP,1790836200.0
BTC,KXBTC15M-26OCT010245-45,2026-10-01T02:37:00.498116-04:00,1790836620.498116,479.50188398361206,no,25.00,23.900000,0.073700,1.026300,CLOSED,SETTLEMENT,1790837100.0
DOGE,KXDOGE15M-26OCT010300-00,2026-10-01T02:51:50.458275-04:00,1790837510.458275,489.5417249202728,yes,15.00,14.371000,0.042200,0.586800,CLOSED,SETTLEMENT,1790838000.0
SOL,KXSOL15M-26OCT010615-15,2026-10-01T06:05:41.775278-04:00,1790849141.775278,558.2247219085693,no,25.00,23.827000,0.078300,1.094700,CLOSED,SETTLEMENT,1790849700.0
BTC,KXBTC15M-26OCT010615-15,2026-10-01T06:07:42.744514-04:00,1790849262.744514,437.2554860115051,no,25.00,23.875000,0.075300,1.049700,CLOSED,SETTLEMENT,1790849700.0
ETH,KXETH15M-26OCT010645-45,2026-10-01T06:37:13.685266-04:00,1790851033.685266,466.3147339820862,yes,10.00,9.600000,0.026900,0.373100,CLOSED,SETTLEMENT,1790851500.0
DOGE,KXDOGE15M-26OCT010745-45,2026-10-01T07:37:28.721835-04:00,1790854648.721835,451.278165102005,yes,15.00,14.129000,0.057500,0.813500,CLOSED,SETTLEMENT,1790855100.0
BTC,KXBTC15M-26OCT010945-45,2026-10-01T09:37:33.852010-04:00,1790861853.85201,446.147989988327,yes,25.00,23.650000,0.089400,1.260600,CLOSED,SETTLEMENT,1790862300.0
ETH,KXETH15M-26OCT010945-45,2026-10-01T09:37:49.040725-04:00,1790861869.040725,430.9592750072479,yes,10.00,9.410000,0.038900,0.551100,CLOSED,SETTLEMENT,1790862300.0
DOGE,KXDOGE15M-26OCT011015-15,2026-10-01T10:05:06.702914-04:00,1790863506.702914,593.2970860004425,no,15.00,14.010000,0.064800,0.925200,CLOSED,SETTLEMENT,1790864100.0
ETH,KXETH15M-26OCT011015-15,2026-10-01T10:05:12.402413-04:00,1790863512.402413,587.5975871086121,no,10.00,9.310000,0.218300,-4.028300,CLOSED,HARD_STOP,1790864100.0
BTC,KXBTC15M-26OCT011115-15,2026-10-01T11:05:28.234011-04:00,1790867128.234011,571.7659890651703,yes,25.00,22.500000,0.594300,-10.094300,CLOSED,HARD_STOP,1790867700.0
BTC,KXBTC15M-26OCT011200-00,2026-10-01T11:50:00.698114-04:00,1790869800.698114,599.3018860816956,yes,25.00,23.675000,0.087900,1.237100,CLOSED,SETTLEMENT,1790870400.0
ETH,KXETH15M-26OCT011200-00,2026-10-01T11:50:23.892238-04:00,1790869823.892238,576.1077620983124,yes,10.00,9.600000,0.026900,0.373100,CLOSED,SETTLEMENT,1790870400.0
ETH,KXETH15M-26OCT011215-15,2026-10-01T12:06:42.597895-04:00,1790870802.597895,497.4021050930023,yes,10.00,9.450000,0.036400,0.513600,CLOSED,SETTLEMENT,1790871300.0
BTC,KXBTC15M-26OCT011245-45,2026-10-01T12:35:01.838013-04:00,1790872501.838013,598.1619870662689,yes,25.00,23.100000,0.556100,-9.906100,CLOSED,HARD_STOP,1790873100.0
ETH,KXETH15M-26OCT011245-45,2026-10-01T12:35:34.585155-04:00,1790872534.585155,565.4148449897766,yes,10.00,9.510000,0.206600,-4.316600,CLOSED,HARD_STOP,1790873100.0
DOGE,KXDOGE15M-26OCT011245-45,2026-10-01T12:35:49.915070-04:00,1790872549.91507,550.0849299430847,yes,15.00,14.321000,0.304200,-8.025200,CLOSED,HARD_STOP,1790873100.0
BTC,KXBTC15M-26OCT011315-15,2026-10-01T13:05:01.052468-04:00,1790874301.052468,598.9475319385529,yes,25.00,23.000000,0.128900,1.871100,CLOSED,SETTLEMENT,1790874900.0
ETH,KXETH15M-26OCT011315-15,2026-10-01T13:05:15.892780-04:00,1790874315.89278,584.1072199344635,yes,10.00,9.590000,0.027600,0.382400,CLOSED,SETTLEMENT,1790874900.0
XRP,KXXRP15M-26OCT011315-15,2026-10-01T13:06:42.241802-04:00,1790874402.241802,497.7581980228424,yes,15.00,14.400000,0.040400,0.559600,CLOSED,SETTLEMENT,1790874900.0
BTC,KXBTC15M-26OCT011330-30,2026-10-01T13:20:01.322631-04:00,1790875201.322631,598.6773691177368,yes,25.00,23.700000,0.086300,1.213700,CLOSED,SETTLEMENT,1790875800.0
ETH,KXETH15M-26OCT011330-30,2026-10-01T13:20:04.984723-04:00,1790875204.984723,595.0152769088745,yes,10.00,9.330000,0.043800,0.626200,CLOSED,SETTLEMENT,1790875800.0
SOL,KXSOL15M-26OCT011330-30,2026-10-01T13:20:45.261934-04:00,1790875245.261934,554.7380659580231,yes,25.00,23.875000,0.075300,1.049700,CLOSED,SETTLEMENT,1790875800.0
DOGE,KXDOGE15M-26OCT011330-30,2026-10-01T13:21:37.397448-04:00,1790875297.397448,502.60255193710327,yes,15.00,14.381000,0.041600,0.577400,CLOSED,SETTLEMENT,1790875800.0
XRP,KXXRP15M-26OCT011330-30,2026-10-01T13:21:42.495074-04:00,1790875302.495074,497.5049259662628,yes,15.00,14.191000,0.053600,0.755400,CLOSED,SETTLEMENT,1790875800.0
ETH,KXETH15M-26OCT011445-45,2026-10-01T14:35:18.934785-04:00,1790879718.934785,581.0652151107788,yes,10.00,9.170000,0.053300,0.776700,CLOSED,SETTLEMENT,1790880300.0
BTC,KXBTC15M-26OCT011445-45,2026-10-01T14:35:22.706965-04:00,1790879722.706965,577.293035030365,yes,25.00,22.625000,0.150500,2.224500,CLOSED,SETTLEMENT,1790880300.0
SOL,KXSOL15M-26OCT011445-45,2026-10-01T14:36:03.958909-04:00,1790879763.958909,536.041090965271,yes,25.00,23.538000,0.096400,1.365600,CLOSED,SETTLEMENT,1790880300.0
BTC,KXBTC15M-26OCT011530-30,2026-10-01T15:22:48.678549-04:00,1790882568.678549,431.3214509487152,no,25.00,23.000000,0.128800,1.871200,CLOSED,SETTLEMENT,1790883000.0
DOGE,KXDOGE15M-26OCT011600-00,2026-10-01T15:51:09.632914-04:00,1790884269.632914,530.3670859336853,yes,15.00,14.210000,0.314800,-7.174800,CLOSED,HARD_STOP,1790884800.0
BTC,KXBTC15M-26OCT011615-15,2026-10-01T16:05:00.950560-04:00,1790885100.95056,599.049439907074,yes,25.00,22.775000,0.141900,2.083100,CLOSED,SETTLEMENT,1790885700.0
XRP,KXXRP15M-26OCT011645-45,2026-10-01T16:37:13.789879-04:00,1790887033.789879,466.2101209163666,no,15.00,14.112000,0.058500,0.829500,CLOSED,SETTLEMENT,1790887500.0
BTC,KXBTC15M-26OCT011645-45,2026-10-01T16:37:20.950583-04:00,1790887040.950583,459.0494170188904,no,25.00,21.250000,0.223200,3.526800,CLOSED,SETTLEMENT,1790887500.0
DOGE,KXDOGE15M-26OCT011645-45,2026-10-01T16:37:22.547754-04:00,1790887042.547754,457.45224595069885,no,15.00,13.895000,0.071700,1.033300,CLOSED,SETTLEMENT,1790887500.0
DOGE,KXDOGE15M-26OCT011745-45,2026-10-01T17:37:51.542475-04:00,1790890671.542475,428.4575250148773,no,15.00,14.265000,0.049000,0.686000,CLOSED,SETTLEMENT,1790891100.0
ETH,KXETH15M-26OCT011815-15,2026-10-01T18:05:13.926154-04:00,1790892313.926154,586.0738461017609,yes,10.00,9.580000,0.028200,0.391800,CLOSED,SETTLEMENT,1790892900.0
BTC,KXBTC15M-26OCT011815-15,2026-10-01T18:05:21.389771-04:00,1790892321.389771,578.6102290153503,yes,25.00,23.850000,0.076800,1.073200,CLOSED,SETTLEMENT,1790892900.0
ETH,KXETH15M-26OCT011900-00,2026-10-01T18:50:15.709874-04:00,1790895015.709874,584.2901260852814,no,10.00,8.900000,0.243000,-3.843000,CLOSED,HARD_STOP,1790895600.0
SOL,KXSOL15M-26OCT011900-00,2026-10-01T18:51:02.626012-04:00,1790895062.626012,537.3739879131317,no,25.00,23.400000,0.536100,-9.936100,CLOSED,HARD_STOP,1790895600.0
DOGE,KXDOGE15M-26OCT011900-00,2026-10-01T18:51:34.502546-04:00,1790895094.502546,505.4974539279938,no,15.00,13.898100,0.316300,-8.664400,CLOSED,HARD_STOP,1790895600.0
BTC,KXBTC15M-26OCT011930-30,2026-10-01T19:20:01.863585-04:00,1790896801.863585,598.1364150047302,yes,25.00,22.500000,0.157500,2.342500,CLOSED,SETTLEMENT,1790897400.0
DOGE,KXDOGE15M-26OCT011930-30,2026-10-01T19:22:57.915782-04:00,1790896977.915782,422.0842180252075,yes,15.00,14.013000,0.064600,0.922400,CLOSED,SETTLEMENT,1790897400.0
ETH,KXETH15M-26OCT011945-45,2026-10-01T19:35:22.497552-04:00,1790897722.497552,577.5024480819702,yes,10.00,9.039000,0.060900,0.900100,CLOSED,SETTLEMENT,1790898300.0
BTC,KXBTC15M-26OCT011945-45,2026-10-01T19:35:26.025138-04:00,1790897726.025138,573.9748620986938,yes,25.00,21.500000,0.210700,3.289300,CLOSED,SETTLEMENT,1790898300.0
BTC,KXBTC15M-26OCT012015-15,2026-10-01T20:05:02.193429-04:00,1790899502.193429,597.8065710067749,no,25.00,22.950000,0.512600,-15.462600,CLOSED,HARD_STOP,1790900100.0
BTC,KXBTC15M-26OCT012130-30,2026-10-01T21:20:50.529161-04:00,1790904050.529161,549.4708390235901,no,25.00,21.250000,0.223200,3.526800,CLOSED,SETTLEMENT,1790904600.0
SOL,KXSOL15M-26OCT012130-30,2026-10-01T21:21:23.219453-04:00,1790904083.219453,516.7805469036102,no,25.00,23.778000,0.489400,-15.017400,CLOSED,HARD_STOP,1790904600.0
ETH,KXETH15M-26OCT012130-30,2026-10-01T21:21:25.289846-04:00,1790904085.289846,514.7101540565491,no,10.00,9.430000,0.037700,0.532300,CLOSED,SETTLEMENT,1790904600.0
DOGE,KXDOGE15M-26OCT012130-30,2026-10-01T21:21:48.813662-04:00,1790904108.813662,491.18633794784546,no,15.00,14.265000,0.049000,0.686000,CLOSED,SETTLEMENT,1790904600.0
ETH,KXETH15M-26OCT012200-00,2026-10-01T21:50:38.336240-04:00,1790905838.33624,561.6637599468231,yes,10.00,9.120000,0.056200,0.823800,CLOSED,SETTLEMENT,1790906400.0
BTC,KXBTC15M-26OCT012200-00,2026-10-01T21:50:43.256436-04:00,1790905843.256436,556.7435638904572,yes,25.00,23.125000,0.121500,1.753500,CLOSED,SETTLEMENT,1790906400.0
SOL,KXSOL15M-26OCT012200-00,2026-10-01T21:50:56.001345-04:00,1790905856.001345,543.9986550807953,yes,25.00,23.332000,0.109000,1.559000,CLOSED,SETTLEMENT,1790906400.0
XRP,KXXRP15M-26OCT012200-00,2026-10-01T21:51:52.431942-04:00,1790905912.431942,487.568058013916,yes,15.00,14.355000,0.043300,0.601700,CLOSED,SETTLEMENT,1790906400.0
ETH,KXETH15M-26OCT012230-30,2026-10-01T22:21:42.786945-04:00,1790907702.786945,497.213054895401,no,10.00,9.565000,0.029200,0.405800,CLOSED,SETTLEMENT,1790908200.0
BTC,KXBTC15M-26OCT012230-30,2026-10-01T22:22:00.805626-04:00,1790907720.805626,479.19437408447266,no,25.00,24.000000,0.067200,0.932800,CLOSED,SETTLEMENT,1790908200.0
SOL,KXSOL15M-26OCT012300-00,2026-10-01T22:50:00.539698-04:00,1790909400.539698,599.4603021144867,yes,25.00,23.915000,0.072700,1.012300,CLOSED,SETTLEMENT,1790910000.0
ETH,KXETH15M-26OCT012300-00,2026-10-01T22:50:07.226806-04:00,1790909407.226806,592.7731940746307,yes,10.00,9.540000,0.030800,0.429200,CLOSED,SETTLEMENT,1790910000.0
BTC,KXBTC15M-26OCT012300-00,2026-10-01T22:50:18.280179-04:00,1790909418.280179,581.7198209762573,yes,25.00,22.500000,0.157500,2.342500,CLOSED,SETTLEMENT,1790910000.0
HYPE,KXHYPE15M-26OCT012300-00,2026-10-01T22:50:38.884609-04:00,1790909438.884609,561.1153910160065,yes,10.00,9.497000,0.033500,0.469500,CLOSED,SETTLEMENT,1790910000.0
DOGE,KXDOGE15M-26OCT012300-00,2026-10-01T22:50:40.091742-04:00,1790909440.091742,559.9082579612732,yes,15.00,14.111000,0.058600,0.830400,CLOSED,SETTLEMENT,1790910000.0
DOGE,KXDOGE15M-26OCT012315-15,2026-10-01T23:05:01.021551-04:00,1790910301.021551,598.9784491062164,yes,15.00,12.300000,0.415900,-4.615900,CLOSED,HARD_STOP,1790910900.0
BTC,KXBTC15M-26OCT012315-15,2026-10-01T23:05:04.885551-04:00,1790910304.885551,595.1144490242004,yes,25.00,22.725000,0.144800,2.130200,CLOSED,SETTLEMENT,1790910900.0
BTC,KXBTC15M-26OCT012345-45,2026-10-01T23:35:33.323996-04:00,1790912133.323996,566.6760039329529,yes,25.00,23.025000,0.127400,1.847600,CLOSED,SETTLEMENT,1790912700.0
ETH,KXETH15M-26OCT012345-45,2026-10-01T23:36:03.981221-04:00,1790912163.981221,536.0187790393829,yes,10.00,9.400000,0.214500,-4.714500,CLOSED,HARD_STOP,1790912700.0
ETH,KXETH15M-26OCT020030-30,2026-10-02T00:20:00.597036-04:00,1790914800.597036,599.4029641151428,yes,10.00,9.380000,0.040800,0.579200,CLOSED,SETTLEMENT,1790915400.0
XRP,KXXRP15M-26OCT020030-30,2026-10-02T00:20:32.679435-04:00,1790914832.679435,567.3205649852753,yes,15.00,14.220000,0.051800,0.728200,CLOSED,SETTLEMENT,1790915400.0
SOL,KXSOL15M-26OCT020030-30,2026-10-02T00:20:34.108515-04:00,1790914834.108515,565.8914849758148,yes,25.00,23.075000,0.124400,1.800600,CLOSED,SETTLEMENT,1790915400.0
HYPE,KXHYPE15M-26OCT020030-30,2026-10-02T00:21:04.508540-04:00,1790914864.50854,535.4914600849152,yes,10.00,9.480000,0.034600,0.485400,CLOSED,SETTLEMENT,1790915400.0
BTC,KXBTC15M-26OCT020045-45,2026-10-02T00:37:01.525774-04:00,1790915821.525774,478.4742259979248,no,25.00,23.875000,0.075300,1.049700,CLOSED,SETTLEMENT,1790916300.0
DOGE,KXDOGE15M-26OCT020045-45,2026-10-02T00:37:30.463585-04:00,1790915850.463585,449.53641510009766,no,15.00,13.350000,0.364600,-5.834600,CLOSED,HARD_STOP,1790916300.0
DOGE,KXDOGE15M-26OCT020115-15,2026-10-02T01:05:10.473959-04:00,1790917510.473959,589.5260410308838,no,15.00,13.652950,0.085850,1.261200,CLOSED,SETTLEMENT,1790918100.0
ETH,KXETH15M-26OCT020115-15,2026-10-02T01:06:00.889604-04:00,1790917560.889604,539.1103959083557,no,10.00,9.320000,0.044400,0.635600,CLOSED,SETTLEMENT,1790918100.0
BTC,KXBTC15M-26OCT020145-45,2026-10-02T01:37:05.136133-04:00,1790919425.136133,474.86386704444885,no,25.00,23.000000,0.128800,1.871200,CLOSED,SETTLEMENT,1790919900.0
DOGE,KXDOGE15M-26OCT020230-30,2026-10-02T02:22:16.393502-04:00,1790922136.393502,463.606498003006,yes,15.00,12.750000,0.133900,2.116100,CLOSED,SETTLEMENT,1790922600.0
ETH,KXETH15M-26OCT020330-30,2026-10-02T03:21:01.098582-04:00,1790925661.098582,538.9014179706573,no,10.00,9.360000,0.042000,0.598000,CLOSED,SETTLEMENT,1790926200.0
SOL,KXSOL15M-26OCT020330-30,2026-10-02T03:21:02.533565-04:00,1790925662.533565,537.4664349555969,no,25.00,23.076000,0.124300,1.799700,CLOSED,SETTLEMENT,1790926200.0
BTC,KXBTC15M-26OCT020415-15,2026-10-02T04:06:41.744574-04:00,1790928401.744574,498.2554259300232,yes,25.00,23.900000,0.073700,1.026300,CLOSED,SETTLEMENT,1790928900.0
BTC,KXBTC15M-26OCT020430-30,2026-10-02T04:21:19.205400-04:00,1790929279.2054,520.7946000099182,yes,25.00,24.000000,0.067200,0.932800,CLOSED,SETTLEMENT,1790929800.0
BTC,KXBTC15M-26OCT020545-45,2026-10-02T05:35:00.264319-04:00,1790933700.264319,599.7356810569763,yes,25.00,23.675000,0.087900,1.237100,CLOSED,SETTLEMENT,1790934300.0
ETH,KXETH15M-26OCT020630-30,2026-10-02T06:22:57.562253-04:00,1790936577.562253,422.43774700164795,no,10.00,9.170000,0.228300,-4.398300,CLOSED,HARD_STOP,1790937000.0
DOGE,KXDOGE15M-26OCT020645-45,2026-10-02T06:36:05.126016-04:00,1790937365.126016,534.8739840984344,yes,15.00,12.750000,0.133900,2.116100,CLOSED,SETTLEMENT,1790937900.0
DOGE,KXDOGE15M-26OCT020700-00,2026-10-02T06:50:02.633130-04:00,1790938202.63313,597.3668699264526,no,15.00,12.450000,0.148200,2.401800,CLOSED,SETTLEMENT,1790938800.0
ETH,KXETH15M-26OCT020700-00,2026-10-02T06:50:12.061254-04:00,1790938212.061254,587.9387459754944,no,10.00,9.500000,0.033300,0.466700,CLOSED,SETTLEMENT,1790938800.0
BTC,KXBTC15M-26OCT020700-00,2026-10-02T06:50:22.037356-04:00,1790938222.037356,577.9626441001892,no,25.00,22.825000,0.139100,2.035900,CLOSED,SETTLEMENT,1790938800.0
ETH,KXETH15M-26OCT020745-45,2026-10-02T07:35:13.220498-04:00,1790940913.220498,586.779501914978,yes,10.00,9.150000,0.054500,0.795500,CLOSED,SETTLEMENT,1790941500.0
BTC,KXBTC15M-26OCT020745-45,2026-10-02T07:37:06.738179-04:00,1790941026.738179,473.26182103157043,yes,25.00,22.500000,0.157500,2.342500,CLOSED,SETTLEMENT,1790941500.0
BTC,KXBTC15M-26OCT020800-00,2026-10-02T07:52:28.590691-04:00,1790941948.590691,451.4093089103699,yes,25.00,22.850000,0.540900,-14.390900,CLOSED,HARD_STOP,1790942400.0
BTC,KXBTC15M-26OCT020830-30,2026-10-02T08:20:28.785267-04:00,1790943628.785267,571.2147328853607,yes,25.00,23.500000,0.098700,1.401300,CLOSED,SETTLEMENT,1790944200.0
DOGE,KXDOGE15M-26OCT020845-45,2026-10-02T08:37:07.718473-04:00,1790944627.718473,472.2815270423889,yes,15.00,12.650000,0.355000,-8.655000,CLOSED,HARD_STOP,1790945100.0
DOGE,KXDOGE15M-26OCT020900-00,2026-10-02T08:50:03.195785-04:00,1790945403.195785,596.8042149543762,yes,15.00,13.050000,0.118800,1.831200,CLOSED,SETTLEMENT,1790946000.0
ETH,KXETH15M-26OCT020945-45,2026-10-02T09:35:01.064501-04:00,1790948101.064501,598.9354989528656,yes,10.00,9.570000,0.028900,0.401100,CLOSED,SETTLEMENT,1790948700.0
SOL,KXSOL15M-26OCT020945-45,2026-10-02T09:35:02.624519-04:00,1790948102.624519,597.375480890274,yes,25.00,23.624920,0.090980,1.284100,CLOSED,SETTLEMENT,1790948700.0
BTC,KXBTC15M-26OCT020945-45,2026-10-02T09:35:05.781934-04:00,1790948105.781934,594.2180659770966,yes,25.00,23.500000,0.098700,1.401300,CLOSED,SETTLEMENT,1790948700.0
XRP,KXXRP15M-26OCT020945-45,2026-10-02T09:36:13.128907-04:00,1790948173.128907,526.8710930347443,yes,15.00,14.310000,0.046100,0.643900,CLOSED,SETTLEMENT,1790948700.0
ETH,KXETH15M-26OCT021000-00,2026-10-02T09:52:01.690260-04:00,1790949121.69026,478.3097400665283,no,10.00,9.490000,0.033900,0.476100,CLOSED,SETTLEMENT,1790949600.0
BTC,KXBTC15M-26OCT021045-45,2026-10-02T10:35:02.087834-04:00,1790951702.087834,597.9121661186218,no,25.00,22.000000,0.184800,2.815200,CLOSED,SETTLEMENT,1790952300.0
BTC,KXBTC15M-26OCT021115-15,2026-10-02T11:05:47.855669-04:00,1790953547.855669,552.1443309783936,no,25.00,20.250000,0.269400,4.480600,CLOSED,SETTLEMENT,1790954100.0
BNB,KXBNB15M-26OCT021115-15,2026-10-02T11:06:10.911470-04:00,1790953570.91147,529.0885300636292,no,10.00,8.600000,0.256200,-3.186200,CLOSED,HARD_STOP,1790954100.0
BTC,KXBTC15M-26OCT021130-30,2026-10-02T11:22:46.287275-04:00,1790954566.287275,433.7127249240875,no,25.00,20.000000,0.280000,4.720000,CLOSED,SETTLEMENT,1790955000.0
ETH,KXETH15M-26OCT021145-45,2026-10-02T11:36:50.050770-04:00,1790955410.05077,489.9492299556732,no,10.00,8.200000,0.103400,1.696600,CLOSED,SETTLEMENT,1790955900.0
SOL,KXSOL15M-26OCT021145-45,2026-10-02T11:37:48.906483-04:00,1790955468.906483,431.0935170650482,no,25.00,20.250000,0.685800,-5.685800,CLOSED,HARD_STOP,1790955900.0
XRP,KXXRP15M-26OCT021215-15,2026-10-02T12:05:01.637455-04:00,1790957101.637455,598.3625450134277,yes,15.00,12.300000,0.417400,-5.067400,CLOSED,HARD_STOP,1790957700.0
SOL,KXSOL15M-26OCT021215-15,2026-10-02T12:05:04.090305-04:00,1790957104.090305,595.9096949100494,yes,25.00,21.750000,0.635500,-9.885500,CLOSED,HARD_STOP,1790957700.0
ETH,KXETH15M-26OCT021215-15,2026-10-02T12:05:10.940515-04:00,1790957110.940515,589.0594849586487,yes,10.00,8.800000,0.248400,-3.748400,CLOSED,HARD_STOP,1790957700.0
DOGE,KXDOGE15M-26OCT021215-15,2026-10-02T12:05:13.299609-04:00,1790957113.299609,586.7003910541534,yes,15.00,12.300000,0.417400,-5.067400,CLOSED,HARD_STOP,1790957700.0
BTC,KXBTC15M-26OCT021215-15,2026-10-02T12:05:14.939113-04:00,1790957114.939113,585.0608870983124,yes,25.00,22.550000,0.585900,-9.135900,CLOSED,HARD_STOP,1790957700.0
BNB,KXBNB15M-26OCT021215-15,2026-10-02T12:07:00.936869-04:00,1790957220.936869,479.0631310939789,yes,10.00,9.280000,0.220100,-4.000100,CLOSED,HARD_STOP,1790957700.0
HYPE,KXHYPE15M-26OCT021230-30,2026-10-02T12:22:53.533623-04:00,1790958173.533623,426.4663770198822,yes,10.00,8.240000,0.276500,-3.416500,CLOSED,HARD_STOP,1790958600.0
BTC,KXBTC15M-26OCT021430-30,2026-10-02T14:20:10.377623-04:00,1790965210.377623,589.6223769187927,no,25.00,22.250000,0.171400,2.578600,CLOSED,SETTLEMENT,1790965800.0
SOL,KXSOL15M-26OCT021430-30,2026-10-02T14:20:19.597367-04:00,1790965219.597367,580.4026329517365,no,25.00,23.978000,0.068700,0.953300,CLOSED,SETTLEMENT,1790965800.0
ETH,KXETH15M-26OCT021430-30,2026-10-02T14:21:00.771778-04:00,1790965260.771778,539.2282218933105,no,10.00,9.430000,0.037700,0.532300,CLOSED,SETTLEMENT,1790965800.0
BTC,KXBTC15M-26OCT021445-45,2026-10-02T14:35:17.580759-04:00,1790966117.580759,582.4192409515381,no,25.00,22.250000,0.171400,2.578600,CLOSED,SETTLEMENT,1790966700.0
ETH,KXETH15M-26OCT021445-45,2026-10-02T14:35:25.643462-04:00,1790966125.643462,574.3565380573273,no,10.00,8.400000,0.268900,-3.468900,CLOSED,HARD_STOP,1790966700.0
DOGE,KXDOGE15M-26OCT021445-45,2026-10-02T14:36:26.996437-04:00,1790966186.996437,513.0035629272461,no,10.00,9.583000,0.028000,0.389000,CLOSED,SETTLEMENT,1790966700.0
BTC,KXBTC15M-26OCT021615-15,2026-10-02T16:06:27.850346-04:00,1790971587.850346,512.1496539115906,yes,25.00,23.000000,0.128900,1.871100,CLOSED,SETTLEMENT,1790972100.0
DOGE,KXDOGE15M-26OCT021715-15,2026-10-02T17:05:05.562621-04:00,1790975105.562621,594.4373788833618,yes,10.00,8.600000,0.084300,,OPEN_AT_CUTOFF,,1790975700.0
ETH,KXETH15M-26OCT021715-15,2026-10-02T17:05:12.514866-04:00,1790975112.514866,587.4851338863373,yes,10.00,8.000000,0.112000,,OPEN_AT_CUTOFF,,1790975700.0
SOL,KXSOL15M-26OCT021715-15,2026-10-02T17:05:16.224809-04:00,1790975116.224809,583.7751910686493,yes,25.00,20.450000,0.260600,,OPEN_AT_CUTOFF,,1790975700.0
