asset,market,status,side,contracts,entry_utc,close_utc,seconds_remaining,net_pnl,fees,exit_type,close_time_source
BTC,KXBTC15M-26SEP301345-45,CLOSED,no,20.0,2026-09-30T17:36:38.017969+00:00,2026-09-30T17:45:00+00:00,501.982031,1.3088,0.0912,settlement,recorded_metadata
BTC,KXBTC15M-26SEP301330-30,CLOSED,no,20.0,2026-09-30T17:20:10.079141+00:00,2026-09-30T17:30:00+00:00,589.920859,1.2336,0.0864,settlement,recorded_metadata
BTC,KXBTC15M-26SEP301215-15,CLOSED,yes,20.0,2026-09-30T16:05:02.746751+00:00,2026-09-30T16:15:00+00:00,597.253249,2.6314,0.1686,settlement,recorded_metadata
BTC,KXBTC15M-26SEP301145-45,CLOSED,yes,20.0,2026-09-30T15:37:24.357724+00:00,2026-09-30T15:45:00+00:00,455.642276,0.9335,0.0665,settlement,recorded_metadata
BTC,KXBTC15M-26SEP301015-15,CLOSED,no,20.0,2026-09-30T14:07:30.773140+00:00,2026-09-30T14:15:00+00:00,449.22686,3.5845,0.2155,settlement,recorded_metadata
BTC,KXBTC15M-26SEP300945-45,CLOSED,no,20.0,2026-09-30T13:35:50.437419+00:00,2026-09-30T13:45:00+00:00,549.562581,2.2521,0.1479,settlement,recorded_metadata
BTC,KXBTC15M-26SEP300900-00,CLOSED,yes,20.0,2026-09-30T12:50:20.382050+00:00,2026-09-30T13:00:00+00:00,579.61795,1.2149,0.0851,settlement,recorded_metadata
BTC,KXBTC15M-26SEP300815-15,CLOSED,no,20.0,2026-09-30T12:05:58.096762+00:00,2026-09-30T12:15:00+00:00,541.903238,3.776,0.224,settlement,recorded_metadata
BTC,KXBTC15M-26SEP300715-15,CLOSED,no,20.0,2026-09-30T11:05:03.202998+00:00,2026-09-30T11:15:00+00:00,596.797002,1.121,0.079,settlement,recorded_metadata
BTC,KXBTC15M-26SEP300645-45,CLOSED,yes,20.0,2026-09-30T10:37:17.881905+00:00,2026-09-30T10:45:00+00:00,462.118095,1.874,0.126,settlement,recorded_metadata
BTC,KXBTC15M-26SEP300545-45,CLOSED,yes,20.0,2026-09-30T09:35:00.231318+00:00,2026-09-30T09:45:00+00:00,599.768682,1.1961,0.0839,settlement,recorded_metadata
BTC,KXBTC15M-26SEP300515-15,CLOSED,yes,20.0,2026-09-30T09:05:00.592005+00:00,2026-09-30T09:15:00+00:00,599.407995,1.874,0.126,settlement,recorded_metadata
BTC,KXBTC15M-26SEP300430-30,CLOSED,yes,20.0,2026-09-30T08:22:43.459665+00:00,2026-09-30T08:30:00+00:00,436.540335,-8.7404,0.4204,sale,recorded_metadata
BTC,KXBTC15M-26SEP300330-30,CLOSED,yes,20.0,2026-09-30T07:20:09.954878+00:00,2026-09-30T07:30:00+00:00,590.045122,1.0272,0.0728,settlement,recorded_metadata
BTC,KXBTC15M-26SEP300200-00,CLOSED,no,20.0,2026-09-30T05:51:52.626268+00:00,2026-09-30T06:00:00+00:00,487.373732,2.8215,0.1785,settlement,recorded_metadata
BTC,KXBTC15M-26SEP300115-15,CLOSED,yes,20.0,2026-09-30T05:06:14.403897+00:00,2026-09-30T05:15:00+00:00,525.596103,1.7985,0.1215,settlement,recorded_metadata
BTC,KXBTC15M-26SEP300100-00,CLOSED,no,20.0,2026-09-30T04:50:05.351252+00:00,2026-09-30T05:00:00+00:00,594.648748,3.5845,0.2155,settlement,recorded_metadata
BTC,KXBTC15M-26SEP300015-15,CLOSED,yes,20.0,2026-09-30T04:05:00.444983+00:00,2026-09-30T04:15:00+00:00,599.555017,-6.7263,0.5263,sale,recorded_metadata
BTC,KXBTC15M-26SEP292215-15,CLOSED,yes,20.0,2026-09-30T02:06:17.657793+00:00,2026-09-30T02:15:00+00:00,522.342207,1.7985,0.1215,settlement,ticker_Eastern_time
BTC,KXBTC15M-26SEP292030-30,CLOSED,no,20.0,2026-09-30T00:20:32.900083+00:00,2026-09-30T00:30:00+00:00,567.099917,-7.2836,0.4836,sale,ticker_Eastern_time
BTC,KXBTC15M-26SEP291930-30,CLOSED,no,20.0,2026-09-29T23:22:00.372731+00:00,2026-09-29T23:30:00+00:00,479.627269,1.5911,0.1089,settlement,ticker_Eastern_time
BTC,KXBTC15M-26SEP291915-15,CLOSED,yes,20.0,2026-09-29T23:05:11.892999+00:00,2026-09-29T23:15:00+00:00,588.107001,1.3652,0.0948,settlement,ticker_Eastern_time
BTC,KXBTC15M-26SEP291815-15,CLOSED,yes,20.0,2026-09-29T22:05:03.695446+00:00,2026-09-29T22:15:00+00:00,596.304554,4.1597,0.2403,settlement,ticker_Eastern_time
BTC,KXBTC15M-26SEP291730-30,CLOSED,no,20.0,2026-09-29T21:20:03.756494+00:00,2026-09-29T21:30:00+00:00,596.243506,3.0118,0.1882,settlement,ticker_Eastern_time
BTC,KXBTC15M-26SEP291715-15,CLOSED,no,20.0,2026-09-29T21:05:22.184398+00:00,2026-09-29T21:15:00+00:00,577.815602,2.8215,0.1785,settlement,ticker_Eastern_time
BTC,KXBTC15M-26SEP291415-15,CLOSED,yes,20.0,2026-09-29T18:05:01.516218+00:00,2026-09-29T18:15:00+00:00,598.483782,0.9335,0.0665,settlement,ticker_Eastern_time
BTC,KXBTC15M-26SEP291400-00,CLOSED,no,20.0,2026-09-29T17:51:07.754030+00:00,2026-09-29T18:00:00+00:00,532.24597,1.5722,0.1078,settlement,recorded_metadata
BTC,KXBTC15M-26SEP291230-30,CLOSED,yes,20.0,2026-09-29T16:21:21.823028+00:00,2026-09-29T16:30:00+00:00,518.176972,1.1585,0.0815,settlement,ticker_Eastern_time
BTC,KXBTC15M-26SEP291115-15,CLOSED,no,20.0,2026-09-29T15:05:07.976115+00:00,2026-09-29T15:15:00+00:00,592.023885,2.0629,0.1371,settlement,ticker_Eastern_time
BTC,KXBTC15M-26SEP291100-00,CLOSED,no,20.0,2026-09-29T14:50:38.856468+00:00,2026-09-29T15:00:00+00:00,561.143532,-5.762,0.562,sale,ticker_Eastern_time
BTC,KXBTC15M-26SEP291015-15,CLOSED,no,20.0,2026-09-29T14:06:30.936997+00:00,2026-09-29T14:15:00+00:00,509.063003,0.9335,0.0665,settlement,ticker_Eastern_time
BTC,KXBTC15M-26SEP290945-45,CLOSED,no,20.0,2026-09-29T13:35:48.959407+00:00,2026-09-29T13:45:00+00:00,551.040593,1.2008,0.08422,settlement,ticker_Eastern_time
BTC,KXBTC15M-26SEP290845-45,CLOSED,yes,20.0,2026-09-29T12:35:19.928085+00:00,2026-09-29T12:45:00+00:00,580.071915,1.7796,0.1204,settlement,ticker_Eastern_time
BTC,KXBTC15M-26SEP290800-00,CLOSED,yes,20.0,2026-09-29T11:50:07.944886+00:00,2026-09-29T12:00:00+00:00,592.055114,1.0647,0.0753,settlement,ticker_Eastern_time
BTC,KXBTC15M-26SEP290745-45,CLOSED,yes,20.0,2026-09-29T11:35:00.934290+00:00,2026-09-29T11:45:00+00:00,599.06571,0.9335,0.0665,settlement,ticker_Eastern_time
BTC,KXBTC15M-26SEP290715-15,CLOSED,no,20.0,2026-09-29T11:05:00.426506+00:00,2026-09-29T11:15:00+00:00,599.573494,-7.3072,0.5072,sale,recorded_metadata
BTC,KXBTC15M-26SEP290645-45,CLOSED,no,20.0,2026-09-29T10:35:10.915898+00:00,2026-09-29T10:45:00+00:00,589.084102,2.4416,0.1584,settlement,recorded_metadata
BTC,KXBTC15M-26SEP290630-30,CLOSED,no,20.0,2026-09-29T10:21:00.696329+00:00,2026-09-29T10:30:00+00:00,539.303671,1.121,0.079,settlement,recorded_metadata
BTC,KXBTC15M-26SEP290600-00,CLOSED,yes,20.0,2026-09-29T09:50:02.274608+00:00,2026-09-29T10:00:00+00:00,597.725392,0.7836,0.0564,settlement,ticker_Eastern_time
BTC,KXBTC15M-26SEP290545-45,CLOSED,yes,20.0,2026-09-29T09:37:44.320380+00:00,2026-09-29T09:45:00+00:00,435.67962,1.3276,0.0924,settlement,recorded_metadata
BTC,KXBTC15M-26SEP290515-15,CLOSED,no,20.0,2026-09-29T09:07:24.385588+00:00,2026-09-29T09:15:00+00:00,455.614412,2.0629,0.1371,settlement,ticker_Eastern_time
BTC,KXBTC15M-26SEP290445-45,CLOSED,no,20.0,2026-09-29T08:36:35.726619+00:00,2026-09-29T08:45:00+00:00,504.273381,0.8772,0.0628,settlement,recorded_metadata
BTC,KXBTC15M-26SEP290430-30,CLOSED,yes,20.0,2026-09-29T08:21:19.520044+00:00,2026-09-29T08:30:00+00:00,520.479956,1.3088,0.0912,settlement,recorded_metadata
BTC,KXBTC15M-26SEP290300-00,CLOSED,yes,20.0,2026-09-29T06:51:26.778547+00:00,2026-09-29T07:00:00+00:00,513.221453,3.3933,0.2067,settlement,ticker_Eastern_time
BTC,KXBTC15M-26SEP290215-15,CLOSED,yes,20.0,2026-09-29T06:05:24.227944+00:00,2026-09-29T06:15:00+00:00,575.772056,1.8362,0.1238,settlement,ticker_Eastern_time
BTC,KXBTC15M-26SEP290145-45,CLOSED,no,20.0,2026-09-29T05:35:02.590566+00:00,2026-09-29T05:45:00+00:00,597.409434,-8.197,0.397,sale,recorded_metadata
BTC,KXBTC15M-26SEP290100-00,CLOSED,no,20.0,2026-09-29T04:50:18.567602+00:00,2026-09-29T05:00:00+00:00,581.432398,-6.525,0.525,sale,ticker_Eastern_time
BTC,KXBTC15M-26SEP290045-45,CLOSED,no,20.0,2026-09-29T04:35:01.229223+00:00,2026-09-29T04:45:00+00:00,598.770777,3.2024,0.1976,settlement,ticker_Eastern_time
BTC,KXBTC15M-26SEP290030-30,CLOSED,yes,20.0,2026-09-29T04:22:00.596008+00:00,2026-09-29T04:30:00+00:00,479.403992,1.874,0.126,settlement,ticker_Eastern_time
BTC,KXBTC15M-26SEP282330-30,CLOSED,yes,20.0,2026-09-29T03:20:15.741680+00:00,2026-09-29T03:30:00+00:00,584.25832,2.2521,0.1479,settlement,ticker_Eastern_time
BTC,KXBTC15M-26SEP282100-00,CLOSED,no,20.0,2026-09-29T00:50:02.793479+00:00,2026-09-29T01:00:00+00:00,597.206521,1.4405,0.0995,settlement,ticker_Eastern_time
BTC,KXBTC15M-26SEP282030-30,CLOSED,no,15.0,2026-09-29T00:20:28.502439+00:00,2026-09-29T00:30:00+00:00,571.497561,-7.4086,0.3586,sale,recorded_metadata
BTC,KXBTC15M-26SEP282000-00,CLOSED,no,15.0,2026-09-28T23:50:17.046453+00:00,2026-09-29T00:00:00+00:00,582.953547,2.1161,0.1339,settlement,recorded_metadata
BTC,KXBTC15M-26SEP281900-00,CLOSED,yes,15.0,2026-09-28T22:52:17.882795+00:00,2026-09-28T23:00:00+00:00,462.117205,2.4018,0.1482,settlement,ticker_Eastern_time
BTC,KXBTC15M-26SEP281845-45,CLOSED,yes,15.0,2026-09-28T22:35:00.681100+00:00,2026-09-28T22:45:00+00:00,599.3189,2.1161,0.1339,settlement,ticker_Eastern_time
BTC,KXBTC15M-26SEP281800-00,CLOSED,no,15.0,2026-09-28T21:51:39.287857+00:00,2026-09-28T22:00:00+00:00,500.712143,2.2588,0.1412,settlement,ticker_Eastern_time
BTC,KXBTC15M-26SEP281730-30,CLOSED,no,15.0,2026-09-28T21:22:00.384755+00:00,2026-09-28T21:30:00+00:00,479.615245,1.5472,0.1028,settlement,recorded_metadata
BTC,KXBTC15M-26SEP281715-15,CLOSED,yes,15.0,2026-09-28T21:05:00.693790+00:00,2026-09-28T21:15:00+00:00,599.30621,1.9735,0.1265,settlement,ticker_Eastern_time
BTC,KXBTC15M-26SEP281330-30,CLOSED,no,15.0,2026-09-28T17:22:37.398908+00:00,2026-09-28T17:30:00+00:00,442.601092,1.6891,0.1109,settlement,recorded_metadata
BTC,KXBTC15M-26SEP281230-30,CLOSED,yes,15.0,2026-09-28T16:22:06.319781+00:00,2026-09-28T16:30:00+00:00,473.680219,0.6579,0.0471,settlement,recorded_metadata
BTC,KXBTC15M-26SEP281015-15,CLOSED,no,15.0,2026-09-28T14:07:00.471051+00:00,2026-09-28T14:15:00+00:00,479.528949,2.1161,0.1339,settlement,recorded_metadata
BTC,KXBTC15M-26SEP280915-15,CLOSED,no,15.0,2026-09-28T13:07:00.530487+00:00,2026-09-28T13:15:00+00:00,479.469513,0.5737,0.0413,settlement,recorded_metadata
BTC,KXBTC15M-26SEP280900-00,CLOSED,yes,15.0,2026-09-28T12:52:11.407388+00:00,2026-09-28T13:00:00+00:00,468.592612,0.9816,0.0684,settlement,recorded_metadata
BTC,KXBTC15M-26SEP280815-15,CLOSED,yes,15.0,2026-09-28T12:07:15.749526+00:00,2026-09-28T12:15:00+00:00,464.250474,0.7563,0.0537,settlement,recorded_metadata
BTC,KXBTC15M-26SEP280645-45,CLOSED,yes,15.0,2026-09-28T10:37:14.470233+00:00,2026-09-28T10:45:00+00:00,465.529767,0.7844,0.0556,settlement,recorded_metadata
BTC,KXBTC15M-26SEP280615-15,CLOSED,yes,15.0,2026-09-28T10:07:00.323968+00:00,2026-09-28T10:15:00+00:00,479.676032,0.8126,0.0574,settlement,recorded_metadata
BTC,KXBTC15M-26SEP280545-45,CLOSED,no,15.0,2026-09-28T09:37:07.690378+00:00,2026-09-28T09:45:00+00:00,472.309622,1.3771,0.0929,settlement,recorded_metadata
BTC,KXBTC15M-26SEP280515-15,CLOSED,no,15.0,2026-09-28T09:07:06.851970+00:00,2026-09-28T09:15:00+00:00,473.14803,0.5737,0.0413,settlement,recorded_metadata
BTC,KXBTC15M-26SEP280145-45,CLOSED,no,15.0,2026-09-28T05:37:02.177461+00:00,2026-09-28T05:45:00+00:00,477.822539,-7.8379,0.3079,sale,recorded_metadata
BTC,KXBTC15M-26SEP272230-30,CLOSED,no,15.0,2026-09-28T02:22:54.834871+00:00,2026-09-28T02:30:00+00:00,425.165129,1.0239,0.0711,settlement,recorded_metadata
ETH,KXETH15M-26SEP301445-45,OPEN,no,10.0,2026-09-30T18:37:41.562847+00:00,2026-09-30T18:45:00+00:00,438.437153,,0.0557,,recorded_metadata
ETH,KXETH15M-26SEP301345-45,CLOSED,no,10.0,2026-09-30T17:37:15.398466+00:00,2026-09-30T17:45:00+00:00,464.601534,0.4606,0.03288,settlement,recorded_metadata
ETH,KXETH15M-26SEP301030-30,CLOSED,no,10.0,2026-09-30T14:22:28.607196+00:00,2026-09-30T14:30:00+00:00,451.392804,0.4573,0.0327,settlement,recorded_metadata
ETH,KXETH15M-26SEP300945-45,CLOSED,no,10.0,2026-09-30T13:36:02.501146+00:00,2026-09-30T13:45:00+00:00,537.498854,0.937,0.063,settlement,recorded_metadata
ETH,KXETH15M-26SEP300815-15,CLOSED,no,10.0,2026-09-30T12:07:12.724685+00:00,2026-09-30T12:15:00+00:00,467.275315,-5.5262,0.2262,sale,recorded_metadata
ETH,KXETH15M-26SEP300715-15,CLOSED,no,10.0,2026-09-30T11:05:00.385149+00:00,2026-09-30T11:15:00+00:00,599.614851,0.5605,0.0395,settlement,recorded_metadata
ETH,KXETH15M-26SEP300515-15,CLOSED,yes,10.0,2026-09-30T09:05:06.564077+00:00,2026-09-30T09:15:00+00:00,593.435923,0.937,0.063,settlement,recorded_metadata
ETH,KXETH15M-26SEP300415-15,CLOSED,no,10.0,2026-09-30T08:06:48.484770+00:00,2026-09-30T08:15:00+00:00,491.51523,0.937,0.063,settlement,recorded_metadata
ETH,KXETH15M-26SEP300330-30,CLOSED,yes,10.0,2026-09-30T07:20:06.256342+00:00,2026-09-30T07:30:00+00:00,593.743658,0.4199,0.0301,settlement,recorded_metadata
ETH,KXETH15M-26SEP300200-00,CLOSED,no,10.0,2026-09-30T05:51:43.434098+00:00,2026-09-30T06:00:00+00:00,496.565902,0.9275,0.0625,settlement,recorded_metadata
ETH,KXETH15M-26SEP292330-30,CLOSED,no,10.0,2026-09-30T03:20:04.789405+00:00,2026-09-30T03:30:00+00:00,595.210595,0.8059,0.0551,settlement,recorded_metadata
ETH,KXETH15M-26SEP292300-00,CLOSED,yes,10.0,2026-09-30T02:52:13.448437+00:00,2026-09-30T03:00:00+00:00,466.551563,0.9936,0.0664,settlement,recorded_metadata
ETH,KXETH15M-26SEP292215-15,CLOSED,yes,10.0,2026-09-30T02:07:34.517283+00:00,2026-09-30T02:15:00+00:00,445.482717,-4.4264,0.2064,sale,recorded_metadata
ETH,KXETH15M-26SEP291930-30,CLOSED,no,10.0,2026-09-29T23:21:05.140354+00:00,2026-09-29T23:30:00+00:00,534.859646,0.4761,0.0339,settlement,recorded_metadata
ETH,KXETH15M-26SEP291915-15,CLOSED,yes,10.0,2026-09-29T23:05:00.248848+00:00,2026-09-29T23:15:00+00:00,599.751152,1.126,0.074,settlement,recorded_metadata
ETH,KXETH15M-26SEP291815-15,CLOSED,yes,10.0,2026-09-29T22:05:02.237491+00:00,2026-09-29T22:15:00+00:00,597.762509,0.5567,0.0393,settlement,ticker_Eastern_time
ETH,KXETH15M-26SEP291730-30,CLOSED,no,10.0,2026-09-29T21:20:51.711243+00:00,2026-09-29T21:30:00+00:00,548.288757,0.6262,0.0438,settlement,ticker_Eastern_time
ETH,KXETH15M-26SEP291115-15,CLOSED,no,10.0,2026-09-29T15:05:42.950777+00:00,2026-09-29T15:15:00+00:00,557.049223,0.6544,0.0456,settlement,ticker_Eastern_time
ETH,KXETH15M-26SEP290800-00,CLOSED,yes,10.0,2026-09-29T11:51:05.986691+00:00,2026-09-29T12:00:00+00:00,534.013309,0.5605,0.0395,settlement,ticker_Eastern_time
ETH,KXETH15M-26SEP290300-00,CLOSED,yes,10.0,2026-09-29T06:51:29.594776+00:00,2026-09-29T07:00:00+00:00,510.405224,1.3157,0.0843,settlement,ticker_Eastern_time
ETH,KXETH15M-26SEP290045-45,CLOSED,no,10.0,2026-09-29T04:36:02.833874+00:00,2026-09-29T04:45:00+00:00,537.166126,0.3918,0.0282,settlement,ticker_Eastern_time
ETH,KXETH15M-26SEP281845-45,CLOSED,yes,10.0,2026-09-28T22:36:30.387946+00:00,2026-09-28T22:45:00+00:00,509.612054,0.3731,0.0269,settlement,ticker_Eastern_time
ETH,KXETH15M-26SEP281500-00,CLOSED,yes,10.0,2026-09-28T18:52:31.161557+00:00,2026-09-28T19:00:00+00:00,448.838443,0.6638,0.0462,settlement,recorded_metadata
ETH,KXETH15M-26SEP281230-30,CLOSED,yes,10.0,2026-09-28T16:22:00.258105+00:00,2026-09-28T16:30:00+00:00,479.741895,0.3965,0.0285,settlement,recorded_metadata
ETH,KXETH15M-26SEP281000-00,CLOSED,no,10.0,2026-09-28T13:52:00.627693+00:00,2026-09-28T14:00:00+00:00,479.372307,-4.0487,0.21705,sale,recorded_metadata
ETH,KXETH15M-26SEP280900-00,CLOSED,yes,10.0,2026-09-28T12:52:02.637669+00:00,2026-09-28T13:00:00+00:00,477.362331,0.4227,0.0303,settlement,recorded_metadata
ETH,KXETH15M-26SEP280815-15,CLOSED,yes,10.0,2026-09-28T12:07:13.183000+00:00,2026-09-28T12:15:00+00:00,466.817,0.3918,0.0282,settlement,recorded_metadata
ETH,KXETH15M-26SEP280715-15,CLOSED,yes,10.0,2026-09-28T11:07:13.593529+00:00,2026-09-28T11:15:00+00:00,466.406471,0.6262,0.0438,settlement,recorded_metadata
ETH,KXETH15M-26SEP280645-45,CLOSED,yes,10.0,2026-09-28T10:37:07.394264+00:00,2026-09-28T10:45:00+00:00,472.605736,0.6732,0.0468,settlement,recorded_metadata
ETH,KXETH15M-26SEP280615-15,CLOSED,yes,10.0,2026-09-28T10:07:13.773188+00:00,2026-09-28T10:15:00+00:00,466.226812,0.4096,0.0294,settlement,recorded_metadata
ETH,KXETH15M-26SEP280545-45,CLOSED,no,10.0,2026-09-28T09:37:00.344875+00:00,2026-09-28T09:45:00+00:00,479.655125,0.5567,0.0393,settlement,recorded_metadata
ETH,KXETH15M-26SEP280500-00,CLOSED,yes,10.0,2026-09-28T08:52:00.306655+00:00,2026-09-28T09:00:00+00:00,479.693345,0.4911,0.0349,settlement,recorded_metadata
ETH,KXETH15M-26SEP280230-30,CLOSED,no,10.0,2026-09-28T06:22:24.497991+00:00,2026-09-28T06:30:00+00:00,455.502009,0.7014,0.0486,settlement,recorded_metadata
ETH,KXETH15M-26SEP280145-45,CLOSED,no,10.0,2026-09-28T05:37:00.283233+00:00,2026-09-28T05:45:00+00:00,479.716767,-5.0603,0.2103,sale,recorded_metadata
ETH,KXETH15M-26SEP272315-15,CLOSED,yes,10.0,2026-09-28T03:07:43.345971+00:00,2026-09-28T03:15:00+00:00,436.654029,0.937,0.063,settlement,recorded_metadata
ETH,KXETH15M-26SEP272230-30,CLOSED,no,10.0,2026-09-28T02:22:07.393088+00:00,2026-09-28T02:30:00+00:00,472.606912,0.6544,0.0456,settlement,recorded_metadata
ETH,KXETH15M-26SEP272100-00,CLOSED,yes,10.0,2026-09-28T00:52:39.619530+00:00,2026-09-28T01:00:00+00:00,440.38047,-4.4008,0.2008,sale,recorded_metadata
SOL,KXSOL15M-26SEP301415-15,CLOSED,no,25.0,2026-09-30T18:05:59.689596+00:00,2026-09-30T18:15:00+00:00,540.310404,4.3372,0.2628,settlement,recorded_metadata
SOL,KXSOL15M-26SEP301015-15,CLOSED,yes,25.0,2026-09-30T14:06:25.572343+00:00,2026-09-30T14:15:00+00:00,514.427657,-9.4541,0.7041,sale,recorded_metadata
SOL,KXSOL15M-26SEP300945-45,CLOSED,no,25.0,2026-09-30T13:37:08.477413+00:00,2026-09-30T13:45:00+00:00,471.522587,1.084,0.0776,settlement,recorded_metadata
SOL,KXSOL15M-26SEP300915-15,CLOSED,yes,25.0,2026-09-30T13:06:26.987237+00:00,2026-09-30T13:15:00+00:00,513.012763,4.4806,0.2694,settlement,recorded_metadata
SOL,KXSOL15M-26SEP300715-15,CLOSED,no,25.0,2026-09-30T11:06:01.693485+00:00,2026-09-30T11:15:00+00:00,538.306515,1.1309,0.08076,settlement,recorded_metadata
SOL,KXSOL15M-26SEP300630-30,CLOSED,yes,25.0,2026-09-30T10:21:45.309214+00:00,2026-09-30T10:30:00+00:00,494.690786,1.9832,0.1358,settlement,recorded_metadata
SOL,KXSOL15M-26SEP300515-15,CLOSED,yes,25.0,2026-09-30T09:06:01.420594+00:00,2026-09-30T09:15:00+00:00,538.579406,1.0657,0.0763,settlement,recorded_metadata
SOL,KXSOL15M-26SEP300200-00,CLOSED,no,20.0,2026-09-30T05:52:00.722323+00:00,2026-09-30T06:00:00+00:00,479.277677,1.2524,0.0876,settlement,recorded_metadata
SOL,KXSOL15M-26SEP292330-30,CLOSED,no,20.0,2026-09-30T03:20:02.161679+00:00,2026-09-30T03:30:00+00:00,597.838321,0.7649,0.0551,settlement,recorded_metadata
SOL,KXSOL15M-26SEP292215-15,CLOSED,yes,20.0,2026-09-30T02:07:03.091864+00:00,2026-09-30T02:15:00+00:00,476.908136,0.8585,0.0615,settlement,recorded_metadata
SOL,KXSOL15M-26SEP292030-30,CLOSED,no,20.0,2026-09-30T00:22:13.613897+00:00,2026-09-30T00:30:00+00:00,466.386103,-8.7408,0.4058,sale,recorded_metadata
SOL,KXSOL15M-26SEP291915-15,CLOSED,yes,20.0,2026-09-29T23:05:07.140024+00:00,2026-09-29T23:15:00+00:00,592.859976,0.9335,0.0665,settlement,recorded_metadata
SOL,KXSOL15M-26SEP291845-45,CLOSED,no,20.0,2026-09-29T22:36:44.175697+00:00,2026-09-29T22:45:00+00:00,495.824303,-7.0532,0.5732,sale,recorded_metadata
SOL,KXSOL15M-26SEP291615-15,CLOSED,yes,20.0,2026-09-29T20:07:07.563642+00:00,2026-09-29T20:15:00+00:00,472.436358,-6.3555,0.5555,sale,ticker_Eastern_time
SOL,KXSOL15M-26SEP291115-15,CLOSED,no,20.0,2026-09-29T15:05:59.060068+00:00,2026-09-29T15:15:00+00:00,540.939932,0.8155,0.0585,settlement,ticker_Eastern_time
SOL,KXSOL15M-26SEP290800-00,CLOSED,yes,20.0,2026-09-29T11:50:03.488203+00:00,2026-09-29T12:00:00+00:00,596.511797,1.29,0.09,settlement,recorded_metadata
SOL,KXSOL15M-26SEP282330-30,CLOSED,yes,20.0,2026-09-29T03:21:25.602864+00:00,2026-09-29T03:30:00+00:00,514.397136,1.8431,0.12426,settlement,ticker_Eastern_time
SOL,KXSOL15M-26SEP282130-30,CLOSED,no,20.0,2026-09-29T01:20:02.448857+00:00,2026-09-29T01:30:00+00:00,597.551143,1.0835,0.0765,settlement,ticker_Eastern_time
SOL,KXSOL15M-26SEP281545-45,CLOSED,no,15.0,2026-09-28T19:37:04.137063+00:00,2026-09-28T19:45:00+00:00,475.862937,0.7338,0.0522,settlement,recorded_metadata
SOL,KXSOL15M-26SEP281500-00,CLOSED,yes,15.0,2026-09-28T18:52:23.610879+00:00,2026-09-28T19:00:00+00:00,456.389121,0.9074,0.0636,settlement,recorded_metadata
SOL,KXSOL15M-26SEP281015-15,CLOSED,no,15.0,2026-09-28T14:07:32.752585+00:00,2026-09-28T14:15:00+00:00,447.247415,2.6406,0.1594,settlement,recorded_metadata
SOL,KXSOL15M-26SEP280900-00,CLOSED,yes,15.0,2026-09-28T12:52:32.202526+00:00,2026-09-28T13:00:00+00:00,447.797474,0.8689,0.0611,settlement,recorded_metadata
SOL,KXSOL15M-26SEP280815-15,CLOSED,yes,15.0,2026-09-28T12:07:14.293924+00:00,2026-09-28T12:15:00+00:00,465.706076,0.5737,0.0413,settlement,recorded_metadata
SOL,KXSOL15M-26SEP280800-00,CLOSED,no,15.0,2026-09-28T11:52:02.743543+00:00,2026-09-28T12:00:00+00:00,477.256457,-6.8373,0.3273,sale,recorded_metadata
SOL,KXSOL15M-26SEP280230-30,CLOSED,no,15.0,2026-09-28T06:22:00.314653+00:00,2026-09-28T06:30:00+00:00,479.685347,0.8473,0.0597,settlement,recorded_metadata
SOL,KXSOL15M-26SEP272230-30,CLOSED,no,15.0,2026-09-28T02:22:00.425735+00:00,2026-09-28T02:30:00+00:00,479.574265,0.7985,0.0565,settlement,recorded_metadata
XRP,KXXRP15M-26SEP301215-15,CLOSED,yes,20.0,2026-09-30T16:06:49.503265+00:00,2026-09-30T16:15:00+00:00,490.496735,0.7649,0.0551,settlement,recorded_metadata
XRP,KXXRP15M-26SEP300830-30,CLOSED,no,20.0,2026-09-30T12:20:40.910949+00:00,2026-09-30T12:30:00+00:00,559.089051,0.9081,0.06482,settlement,recorded_metadata
XRP,KXXRP15M-26SEP300715-15,CLOSED,no,20.0,2026-09-30T11:06:38.851990+00:00,2026-09-30T11:15:00+00:00,501.14801,0.8744,0.0626,settlement,recorded_metadata
XRP,KXXRP15M-26SEP291915-15,CLOSED,yes,15.0,2026-09-29T23:05:30.805649+00:00,2026-09-29T23:15:00+00:00,569.194351,0.9863,0.0687,settlement,recorded_metadata
XRP,KXXRP15M-26SEP291845-45,CLOSED,no,15.0,2026-09-29T22:35:58.597052+00:00,2026-09-29T22:45:00+00:00,541.402948,1.4055,0.0945,settlement,recorded_metadata
XRP,KXXRP15M-26SEP291730-30,CLOSED,no,15.0,2026-09-29T21:20:15.927857+00:00,2026-09-29T21:30:00+00:00,584.072143,1.198,0.082,settlement,recorded_metadata
XRP,KXXRP15M-26SEP291615-15,CLOSED,yes,15.0,2026-09-29T20:05:55.460206+00:00,2026-09-29T20:15:00+00:00,544.539794,-4.5021,0.4226,sale,ticker_Eastern_time
XRP,KXXRP15M-26SEP291115-15,CLOSED,no,15.0,2026-09-29T15:05:14.284491+00:00,2026-09-29T15:15:00+00:00,585.715509,0.9487,0.0663,settlement,ticker_Eastern_time
XRP,KXXRP15M-26SEP291015-15,CLOSED,no,15.0,2026-09-29T14:06:20.322293+00:00,2026-09-29T14:15:00+00:00,519.677707,-4.7003,0.4303,sale,ticker_Eastern_time
XRP,KXXRP15M-26SEP290800-00,CLOSED,yes,15.0,2026-09-29T11:50:00.978832+00:00,2026-09-29T12:00:00+00:00,599.021168,0.6205,0.0445,settlement,ticker_Eastern_time
XRP,KXXRP15M-26SEP290745-45,CLOSED,yes,15.0,2026-09-29T11:35:05.737218+00:00,2026-09-29T11:45:00+00:00,594.262782,0.761,0.054,settlement,ticker_Eastern_time
XRP,KXXRP15M-26SEP290645-45,CLOSED,no,15.0,2026-09-29T10:37:45.535284+00:00,2026-09-29T10:45:00+00:00,434.464716,0.7001,0.0499,settlement,recorded_metadata
XRP,KXXRP15M-26SEP290600-00,CLOSED,yes,15.0,2026-09-29T09:50:31.823457+00:00,2026-09-29T10:00:00+00:00,568.176543,0.672,0.048,settlement,ticker_Eastern_time
XRP,KXXRP15M-26SEP290430-30,CLOSED,yes,15.0,2026-09-29T08:21:48.513751+00:00,2026-09-29T08:30:00+00:00,491.486249,0.583,0.042,settlement,recorded_metadata
XRP,KXXRP15M-26SEP290215-15,CLOSED,yes,15.0,2026-09-29T06:07:35.254782+00:00,2026-09-29T06:15:00+00:00,444.745218,0.8966,0.0629,settlement,ticker_Eastern_time
XRP,KXXRP15M-26SEP290145-45,CLOSED,no,15.0,2026-09-29T05:35:12.749188+00:00,2026-09-29T05:45:00+00:00,587.250812,-6.8884,0.3034,sale,recorded_metadata
XRP,KXXRP15M-26SEP290045-45,CLOSED,no,15.0,2026-09-29T04:36:01.284595+00:00,2026-09-29T04:45:00+00:00,538.715405,1.0662,0.0738,settlement,ticker_Eastern_time
XRP,KXXRP15M-26SEP282330-30,CLOSED,yes,15.0,2026-09-29T03:21:01.175919+00:00,2026-09-29T03:30:00+00:00,538.824081,0.9525,0.0665,settlement,ticker_Eastern_time
XRP,KXXRP15M-26SEP282100-00,CLOSED,no,15.0,2026-09-29T00:50:01.414520+00:00,2026-09-29T01:00:00+00:00,598.58548,0.7366,0.0524,settlement,ticker_Eastern_time
XRP,KXXRP15M-26SEP281845-45,CLOSED,yes,15.0,2026-09-28T22:36:09.450251+00:00,2026-09-28T22:45:00+00:00,530.549749,0.5671,0.0409,settlement,ticker_Eastern_time
XRP,KXXRP15M-26SEP281545-45,CLOSED,no,15.0,2026-09-28T19:37:07.530196+00:00,2026-09-28T19:45:00+00:00,472.469804,0.9957,0.0693,settlement,ticker_Eastern_time
XRP,KXXRP15M-26SEP281330-30,CLOSED,no,15.0,2026-09-28T17:22:46.389099+00:00,2026-09-28T17:30:00+00:00,433.610901,1.6891,0.1109,settlement,recorded_metadata
BNB,KXBNB15M-26SEP300430-30,CLOSED,yes,10.0,2026-09-30T08:22:38.530370+00:00,2026-09-30T08:30:00+00:00,441.46963,0.4939,0.0351,settlement,recorded_metadata
BNB,KXBNB15M-26SEP291615-15,CLOSED,yes,10.0,2026-09-29T20:06:41.515352+00:00,2026-09-29T20:15:00+00:00,498.484648,-3.4584,0.2784,sale,ticker_Eastern_time
BNB,KXBNB15M-26SEP291515-15,CLOSED,yes,10.0,2026-09-29T19:07:11.698982+00:00,2026-09-29T19:15:00+00:00,468.301018,-2.5728,0.2728,sale,recorded_metadata
BNB,KXBNB15M-26SEP291400-00,CLOSED,no,10.0,2026-09-29T17:50:52.457035+00:00,2026-09-29T18:00:00+00:00,547.542965,0.7531,0.0519,settlement,ticker_Eastern_time
BNB,KXBNB15M-26SEP290800-00,CLOSED,yes,10.0,2026-09-29T11:50:18.861555+00:00,2026-09-29T12:00:00+00:00,581.138445,0.5286,0.0374,settlement,ticker_Eastern_time
BNB,KXBNB15M-26SEP290600-00,CLOSED,yes,10.0,2026-09-29T09:50:25.418867+00:00,2026-09-29T10:00:00+00:00,574.581133,0.4761,0.0339,settlement,ticker_Eastern_time
BNB,KXBNB15M-26SEP290430-30,CLOSED,yes,10.0,2026-09-29T08:21:18.793163+00:00,2026-09-29T08:30:00+00:00,521.206837,0.937,0.063,settlement,ticker_Eastern_time
BNB,KXBNB15M-26SEP290300-00,CLOSED,yes,10.0,2026-09-29T06:52:03.045094+00:00,2026-09-29T07:00:00+00:00,476.954906,1.3256,0.0849,settlement,ticker_Eastern_time
BNB,KXBNB15M-26SEP290130-30,CLOSED,yes,10.0,2026-09-29T05:20:58.929985+00:00,2026-09-29T05:30:00+00:00,541.070015,0.557,0.03932,settlement,ticker_Eastern_time
BNB,KXBNB15M-26SEP290100-00,CLOSED,no,10.0,2026-09-29T04:50:00.849933+00:00,2026-09-29T05:00:00+00:00,599.150067,0.4386,0.0314,settlement,ticker_Eastern_time
BNB,KXBNB15M-26SEP290045-45,CLOSED,no,10.0,2026-09-29T04:35:03.021639+00:00,2026-09-29T04:45:00+00:00,596.978361,0.6732,0.0468,settlement,ticker_Eastern_time
BNB,KXBNB15M-26SEP282330-30,CLOSED,yes,10.0,2026-09-29T03:21:32.145959+00:00,2026-09-29T03:30:00+00:00,507.854041,0.538,0.038,settlement,ticker_Eastern_time
BNB,KXBNB15M-26SEP282130-30,CLOSED,no,10.0,2026-09-29T01:20:00.371360+00:00,2026-09-29T01:30:00+00:00,599.62864,-4.5295,0.2135,sale,ticker_Eastern_time
BNB,KXBNB15M-26SEP282100-00,CLOSED,no,10.0,2026-09-29T00:50:05.673915+00:00,2026-09-29T01:00:00+00:00,594.326085,0.3731,0.0269,settlement,recorded_metadata
BNB,KXBNB15M-26SEP282030-30,CLOSED,no,10.0,2026-09-29T00:22:03.373235+00:00,2026-09-29T00:30:00+00:00,476.626765,-4.3142,0.2132,sale,recorded_metadata
BNB,KXBNB15M-26SEP281945-45,CLOSED,yes,10.0,2026-09-28T23:36:16.380273+00:00,2026-09-28T23:45:00+00:00,523.619727,0.8049,0.0551,settlement,recorded_metadata
BNB,KXBNB15M-26SEP281930-30,CLOSED,yes,10.0,2026-09-28T23:20:49.543531+00:00,2026-09-28T23:30:00+00:00,550.456469,0.4292,0.0308,settlement,recorded_metadata
BNB,KXBNB15M-26SEP281815-15,CLOSED,no,10.0,2026-09-28T22:06:25.705559+00:00,2026-09-28T22:15:00+00:00,514.294441,0.4311,0.0309,settlement,ticker_Eastern_time
BNB,KXBNB15M-26SEP281730-30,CLOSED,no,10.0,2026-09-28T21:22:05.177115+00:00,2026-09-28T21:30:00+00:00,474.822885,0.5361,0.0379,settlement,recorded_metadata
BNB,KXBNB15M-26SEP281700-00,CLOSED,no,10.0,2026-09-28T20:52:33.603559+00:00,2026-09-28T21:00:00+00:00,446.396441,-5.4383,0.2083,sale,recorded_metadata
BNB,KXBNB15M-26SEP280230-30,CLOSED,no,10.0,2026-09-28T06:22:02.380084+00:00,2026-09-28T06:30:00+00:00,477.619916,0.4096,0.0294,settlement,recorded_metadata
HYPE,KXHYPE15M-26SEP301300-00,CLOSED,yes,10.0,2026-09-30T16:51:00.507955+00:00,2026-09-30T17:00:00+00:00,539.492045,-4.9608,0.2108,sale,recorded_metadata
HYPE,KXHYPE15M-26SEP291845-45,CLOSED,yes,10.0,2026-09-29T22:37:35.973694+00:00,2026-09-29T22:45:00+00:00,444.026306,1.6966,0.1034,settlement,recorded_metadata
HYPE,KXHYPE15M-26SEP291730-30,CLOSED,no,10.0,2026-09-29T21:20:36.863057+00:00,2026-09-29T21:30:00+00:00,563.136943,0.6337,0.0443,settlement,ticker_Eastern_time
HYPE,KXHYPE15M-26SEP291545-45,CLOSED,no,10.0,2026-09-29T19:37:43.526896+00:00,2026-09-29T19:45:00+00:00,436.473104,0.5821,0.0409,settlement,ticker_Eastern_time
HYPE,KXHYPE15M-26SEP291515-15,CLOSED,yes,10.0,2026-09-29T19:05:08.723799+00:00,2026-09-29T19:15:00+00:00,591.276201,-3.3061,0.2661,sale,ticker_Eastern_time
HYPE,KXHYPE15M-26SEP291400-00,CLOSED,no,10.0,2026-09-29T17:50:00.862869+00:00,2026-09-29T18:00:00+00:00,599.137131,0.3824,0.0276,settlement,ticker_Eastern_time
HYPE,KXHYPE15M-26SEP291330-30,CLOSED,no,10.0,2026-09-29T17:21:21.269990+00:00,2026-09-29T17:30:00+00:00,518.73001,0.8389,0.0571,settlement,ticker_Eastern_time
HYPE,KXHYPE15M-26SEP291230-30,CLOSED,yes,10.0,2026-09-29T16:20:37.889088+00:00,2026-09-29T16:30:00+00:00,562.110912,0.3731,0.0269,settlement,ticker_Eastern_time
HYPE,KXHYPE15M-26SEP291115-15,CLOSED,no,10.0,2026-09-29T15:05:01.078975+00:00,2026-09-29T15:15:00+00:00,598.921025,0.4218,0.0302,settlement,ticker_Eastern_time
HYPE,KXHYPE15M-26SEP291100-00,CLOSED,no,10.0,2026-09-29T14:51:02.309780+00:00,2026-09-29T15:00:00+00:00,537.69022,0.5497,0.03886,settlement,ticker_Eastern_time
HYPE,KXHYPE15M-26SEP291015-15,CLOSED,no,10.0,2026-09-29T14:06:36.314409+00:00,2026-09-29T14:15:00+00:00,503.685591,0.5811,0.0409,settlement,ticker_Eastern_time
HYPE,KXHYPE15M-26SEP290800-00,CLOSED,yes,10.0,2026-09-29T11:50:15.741591+00:00,2026-09-29T12:00:00+00:00,584.258409,0.5717,0.0403,settlement,ticker_Eastern_time
HYPE,KXHYPE15M-26SEP290745-45,CLOSED,yes,10.0,2026-09-29T11:36:36.616717+00:00,2026-09-29T11:45:00+00:00,503.383283,0.3824,0.0276,settlement,ticker_Eastern_time
HYPE,KXHYPE15M-26SEP290630-30,CLOSED,no,10.0,2026-09-29T10:20:00.526749+00:00,2026-09-29T10:30:00+00:00,599.473251,0.4161,0.0299,settlement,recorded_metadata
HYPE,KXHYPE15M-26SEP290600-00,CLOSED,yes,10.0,2026-09-29T09:50:00.795818+00:00,2026-09-29T10:00:00+00:00,599.204182,0.3918,0.0282,settlement,ticker_Eastern_time
HYPE,KXHYPE15M-26SEP290315-15,CLOSED,yes,10.0,2026-09-29T07:05:50.566837+00:00,2026-09-29T07:15:00+00:00,549.433163,0.63,0.044,settlement,ticker_Eastern_time
HYPE,KXHYPE15M-26SEP290215-15,CLOSED,yes,10.0,2026-09-29T06:07:16.500659+00:00,2026-09-29T06:15:00+00:00,463.499341,0.7131,0.04936,settlement,recorded_metadata
HYPE,KXHYPE15M-26SEP290115-15,CLOSED,no,10.0,2026-09-29T05:07:59.541034+00:00,2026-09-29T05:15:00+00:00,420.458966,-4.5383,0.2123,sale,ticker_Eastern_time
HYPE,KXHYPE15M-26SEP290100-00,CLOSED,no,10.0,2026-09-29T04:50:20.556426+00:00,2026-09-29T05:00:00+00:00,579.443574,0.6149,0.0431,settlement,ticker_Eastern_time
HYPE,KXHYPE15M-26SEP290045-45,CLOSED,no,10.0,2026-09-29T04:35:00.461967+00:00,2026-09-29T04:45:00+00:00,599.538033,0.7288,0.0502,settlement,ticker_Eastern_time
HYPE,KXHYPE15M-26SEP290030-30,CLOSED,yes,10.0,2026-09-29T04:20:07.496002+00:00,2026-09-29T04:30:00+00:00,592.503998,0.937,0.063,settlement,ticker_Eastern_time
HYPE,KXHYPE15M-26SEP282330-30,CLOSED,yes,10.0,2026-09-29T03:21:06.193847+00:00,2026-09-29T03:30:00+00:00,533.806153,0.629,0.044,settlement,ticker_Eastern_time
HYPE,KXHYPE15M-26SEP282115-15,CLOSED,no,10.0,2026-09-29T01:07:10.949205+00:00,2026-09-29T01:15:00+00:00,469.050795,1.888,0.112,settlement,recorded_metadata
HYPE,KXHYPE15M-26SEP281930-30,CLOSED,yes,10.0,2026-09-28T23:22:20.616591+00:00,2026-09-28T23:30:00+00:00,459.383409,0.6309,0.0441,settlement,ticker_Eastern_time
HYPE,KXHYPE15M-26SEP281915-15,CLOSED,yes,10.0,2026-09-28T23:05:00.338280+00:00,2026-09-28T23:15:00+00:00,599.66172,-4.5407,0.2072,sale,ticker_Eastern_time
HYPE,KXHYPE15M-26SEP281815-15,CLOSED,no,10.0,2026-09-28T22:05:31.768870+00:00,2026-09-28T22:15:00+00:00,568.23113,0.8936,0.0604,settlement,ticker_Eastern_time
HYPE,KXHYPE15M-26SEP281530-30,CLOSED,no,10.0,2026-09-28T19:22:00.402779+00:00,2026-09-28T19:30:00+00:00,479.597221,0.3731,0.0269,settlement,recorded_metadata
HYPE,KXHYPE15M-26SEP281500-00,CLOSED,yes,10.0,2026-09-28T18:52:26.428325+00:00,2026-09-28T19:00:00+00:00,453.571675,0.5136,0.0364,settlement,recorded_metadata
HYPE,KXHYPE15M-26SEP281430-30,CLOSED,no,10.0,2026-09-28T18:22:20.805770+00:00,2026-09-28T18:30:00+00:00,459.19423,0.3731,0.0269,settlement,ticker_Eastern_time
HYPE,KXHYPE15M-26SEP281400-00,CLOSED,no,10.0,2026-09-28T17:52:03.073199+00:00,2026-09-28T18:00:00+00:00,476.926801,0.4761,0.0339,settlement,recorded_metadata
HYPE,KXHYPE15M-26SEP280900-00,CLOSED,yes,10.0,2026-09-28T12:52:55.158537+00:00,2026-09-28T13:00:00+00:00,424.841463,0.4011,0.0289,settlement,recorded_metadata
HYPE,KXHYPE15M-26SEP280815-15,CLOSED,yes,10.0,2026-09-28T12:07:45.571787+00:00,2026-09-28T12:15:00+00:00,434.428213,0.6074,0.0426,settlement,recorded_metadata
HYPE,KXHYPE15M-26SEP280730-30,CLOSED,yes,10.0,2026-09-28T11:22:55.442138+00:00,2026-09-28T11:30:00+00:00,424.557862,0.3918,0.0282,settlement,recorded_metadata
HYPE,KXHYPE15M-26SEP280300-00,CLOSED,no,10.0,2026-09-28T06:52:00.201206+00:00,2026-09-28T07:00:00+00:00,479.798794,0.3731,0.0269,settlement,recorded_metadata
DOGE,KXDOGE15M-26SEP301215-15,CLOSED,yes,10.0,2026-09-30T16:06:09.661919+00:00,2026-09-30T16:15:00+00:00,530.338081,1.0314,0.0686,settlement,recorded_metadata
DOGE,KXDOGE15M-26SEP301200-00,CLOSED,yes,10.0,2026-09-30T15:50:31.785481+00:00,2026-09-30T16:00:00+00:00,568.214519,0.6168,0.0432,settlement,recorded_metadata
DOGE,KXDOGE15M-26SEP300615-15,CLOSED,yes,10.0,2026-09-30T10:07:48.680107+00:00,2026-09-30T10:15:00+00:00,431.319893,0.3908,0.0282,settlement,recorded_metadata
DOGE,KXDOGE15M-26SEP300515-15,CLOSED,yes,10.0,2026-09-30T09:06:41.949128+00:00,2026-09-30T09:15:00+00:00,498.050872,0.7014,0.0486,settlement,recorded_metadata
DOGE,KXDOGE15M-26SEP300100-00,CLOSED,no,10.0,2026-09-30T04:51:00.661161+00:00,2026-09-30T05:00:00+00:00,539.338839,1.3157,0.0843,settlement,recorded_metadata
DOGE,KXDOGE15M-26SEP300015-15,CLOSED,yes,10.0,2026-09-30T04:06:04.551193+00:00,2026-09-30T04:15:00+00:00,535.448807,-3.9874,0.1974,sale,recorded_metadata
DOGE,KXDOGE15M-26SEP300000-00,CLOSED,no,10.0,2026-09-30T03:52:21.831867+00:00,2026-09-30T04:00:00+00:00,458.168133,0.4864,0.0346,settlement,recorded_metadata
DOGE,KXDOGE15M-26SEP292215-15,CLOSED,yes,10.0,2026-09-30T02:07:19.228763+00:00,2026-09-30T02:15:00+00:00,460.771237,0.3731,0.0269,settlement,recorded_metadata
DOGE,KXDOGE15M-26SEP291945-45,CLOSED,no,10.0,2026-09-29T23:36:06.872350+00:00,2026-09-29T23:45:00+00:00,533.12765,0.5304,0.0376,settlement,recorded_metadata
DOGE,KXDOGE15M-26SEP291930-30,CLOSED,no,10.0,2026-09-29T23:22:05.335672+00:00,2026-09-29T23:30:00+00:00,474.664328,0.6262,0.0438,settlement,recorded_metadata
DOGE,KXDOGE15M-26SEP291915-15,CLOSED,yes,10.0,2026-09-29T23:05:10.765707+00:00,2026-09-29T23:15:00+00:00,589.234293,0.6168,0.0432,settlement,recorded_metadata
DOGE,KXDOGE15M-26SEP291730-30,CLOSED,no,10.0,2026-09-29T21:21:01.197645+00:00,2026-09-29T21:30:00+00:00,538.802355,0.661,0.046,settlement,recorded_metadata
DOGE,KXDOGE15M-26SEP291630-30,CLOSED,yes,10.0,2026-09-29T20:20:11.789423+00:00,2026-09-29T20:30:00+00:00,588.210577,0.448,0.032,settlement,recorded_metadata
DOGE,KXDOGE15M-26SEP291615-15,CLOSED,yes,10.0,2026-09-29T20:06:29.591203+00:00,2026-09-29T20:15:00+00:00,510.408797,-3.2828,0.2828,sale,recorded_metadata
DOGE,KXDOGE15M-26SEP291415-15,CLOSED,yes,10.0,2026-09-29T18:05:45.344925+00:00,2026-09-29T18:15:00+00:00,554.655075,0.4105,0.0295,settlement,recorded_metadata
DOGE,KXDOGE15M-26SEP291400-00,CLOSED,no,10.0,2026-09-29T17:51:04.718311+00:00,2026-09-29T18:00:00+00:00,535.281689,0.3731,0.0269,settlement,recorded_metadata
DOGE,KXDOGE15M-26SEP291330-30,CLOSED,no,10.0,2026-09-29T17:22:00.646832+00:00,2026-09-29T17:30:00+00:00,479.353168,0.4152,0.0298,settlement,recorded_metadata
DOGE,KXDOGE15M-26SEP291215-15,CLOSED,yes,10.0,2026-09-29T16:05:29.731202+00:00,2026-09-29T16:15:00+00:00,570.268798,1.5059,0.0941,settlement,recorded_metadata
DOGE,KXDOGE15M-26SEP291115-15,CLOSED,no,10.0,2026-09-29T15:05:02.062550+00:00,2026-09-29T15:15:00+00:00,597.93745,0.645,0.045,settlement,recorded_metadata
DOGE,KXDOGE15M-26SEP291015-15,CLOSED,no,10.0,2026-09-29T14:06:23.511615+00:00,2026-09-29T14:15:00+00:00,516.488385,0.418,0.03,settlement,recorded_metadata
DOGE,KXDOGE15M-26SEP290845-45,CLOSED,yes,10.0,2026-09-29T12:35:00.456595+00:00,2026-09-29T12:45:00+00:00,599.543405,0.4854,0.0346,settlement,recorded_metadata
DOGE,KXDOGE15M-26SEP290800-00,CLOSED,yes,10.0,2026-09-29T11:50:01.724279+00:00,2026-09-29T12:00:00+00:00,598.275721,0.5699,0.0401,settlement,recorded_metadata
DOGE,KXDOGE15M-26SEP290645-45,CLOSED,no,10.0,2026-09-29T10:37:44.390371+00:00,2026-09-29T10:45:00+00:00,435.609629,0.4667,0.0333,settlement,recorded_metadata
DOGE,KXDOGE15M-26SEP290630-30,CLOSED,no,10.0,2026-09-29T10:22:01.390297+00:00,2026-09-29T10:30:00+00:00,478.609703,0.3731,0.0269,settlement,recorded_metadata
DOGE,KXDOGE15M-26SEP290600-00,CLOSED,yes,10.0,2026-09-29T09:50:50.187231+00:00,2026-09-29T10:00:00+00:00,549.812769,0.5136,0.0364,settlement,recorded_metadata
DOGE,KXDOGE15M-26SEP290530-30,CLOSED,yes,10.0,2026-09-29T09:22:00.702296+00:00,2026-09-29T09:30:00+00:00,479.297704,-4.052,0.21677,sale,recorded_metadata
DOGE,KXDOGE15M-26SEP290300-00,CLOSED,yes,10.0,2026-09-29T06:51:39.690832+00:00,2026-09-29T07:00:00+00:00,500.309168,1.126,0.074,settlement,recorded_metadata
DOGE,KXDOGE15M-26SEP290215-15,CLOSED,yes,10.0,2026-09-29T06:07:08.399024+00:00,2026-09-29T06:15:00+00:00,471.600976,0.7343,0.0507,settlement,recorded_metadata
DOGE,KXDOGE15M-26SEP290145-45,CLOSED,no,10.0,2026-09-29T05:35:39.534574+00:00,2026-09-29T05:45:00+00:00,560.465426,0.3824,0.0276,settlement,recorded_metadata
DOGE,KXDOGE15M-26SEP290045-45,CLOSED,no,10.0,2026-09-29T04:35:06.541295+00:00,2026-09-29T04:45:00+00:00,593.458705,0.7889,0.0541,settlement,recorded_metadata
DOGE,KXDOGE15M-26SEP282330-30,CLOSED,yes,10.0,2026-09-29T03:20:35.509358+00:00,2026-09-29T03:30:00+00:00,564.490642,0.6271,0.0439,settlement,recorded_metadata
DOGE,KXDOGE15M-26SEP282100-00,CLOSED,no,10.0,2026-09-29T00:50:17.988176+00:00,2026-09-29T01:00:00+00:00,582.011824,0.3824,0.0276,settlement,recorded_metadata
DOGE,KXDOGE15M-26SEP281930-30,CLOSED,yes,10.0,2026-09-28T23:20:32.313869+00:00,2026-09-28T23:30:00+00:00,567.686131,0.6835,0.0475,settlement,recorded_metadata
DOGE,KXDOGE15M-26SEP281845-45,CLOSED,yes,10.0,2026-09-28T22:36:07.582535+00:00,2026-09-28T22:45:00+00:00,532.417465,0.5042,0.0358,settlement,recorded_metadata
DOGE,KXDOGE15M-26SEP281815-15,CLOSED,no,10.0,2026-09-28T22:05:53.483455+00:00,2026-09-28T22:15:00+00:00,546.516545,0.6704,0.0466,settlement,recorded_metadata
DOGE,KXDOGE15M-26SEP281545-45,CLOSED,no,10.0,2026-09-28T19:37:00.283087+00:00,2026-09-28T19:45:00+00:00,479.716913,0.4854,0.0346,settlement,recorded_metadata
DOGE,KXDOGE15M-26SEP281500-00,CLOSED,yes,10.0,2026-09-28T18:52:57.892212+00:00,2026-09-28T19:00:00+00:00,422.107788,0.4133,0.0297,settlement,recorded_metadata
DOGE,KXDOGE15M-26SEP281315-15,CLOSED,no,10.0,2026-09-28T17:07:56.483253+00:00,2026-09-28T17:15:00+00:00,423.516747,-4.1278,0.2008,sale,recorded_metadata
DOGE,KXDOGE15M-26SEP280615-15,CLOSED,yes,10.0,2026-09-28T10:07:03.876550+00:00,2026-09-28T10:15:00+00:00,476.12345,0.3918,0.0282,settlement,recorded_metadata
DOGE,KXDOGE15M-26SEP280230-30,CLOSED,no,10.0,2026-09-28T06:22:01.428296+00:00,2026-09-28T06:30:00+00:00,478.571704,0.5042,0.0358,settlement,recorded_metadata
DOGE,KXDOGE15M-26SEP280145-45,CLOSED,no,10.0,2026-09-28T05:37:01.015508+00:00,2026-09-28T05:45:00+00:00,478.984492,0.4292,0.0308,settlement,recorded_metadata
