asset,ticker,UTC,remaining_seconds,side,confidence,ask,settlement,actual_buy_later,gross_hold_to_settlement_10_before_fees
BTC,KXBTC15M-26SEP202300-00,2026-09-21T02:55:42.043839+00:00,257.9561610221863,yes,0.8231908068774643,0.9,yes,False,1.0
BTC,KXBTC15M-26SEP202345-45,2026-09-21T03:41:01.067389+00:00,238.93261122703552,yes,0.8216701595107769,0.925,yes,True,0.75
BTC,KXBTC15M-26SEP210045-45,2026-09-21T04:39:13.432148+00:00,346.56785225868225,yes,0.8270392209103133,0.87,yes,True,1.3
BTC,KXBTC15M-26SEP210100-00,2026-09-21T04:58:00.512344+00:00,119.48765587806702,yes,0.8203387797554903,0.85,no,False,-8.5
ETH,KXETH15M-26SEP202330-30,2026-09-21T03:23:30.585494+00:00,389.41450572013855,yes,0.8210281270260906,0.948,yes,True,0.52
ETH,KXETH15M-26SEP210000-00,2026-09-21T03:59:18.093350+00:00,41.906649589538574,yes,0.8238345396416656,0.89,yes,True,1.1
ETH,KXETH15M-26SEP210015-15,2026-09-21T04:10:00.051526+00:00,299.94847440719604,no,0.8247142322145302,0.94,no,True,0.6
ETH,KXETH15M-26SEP210045-45,2026-09-21T04:39:03.076302+00:00,356.9236979484558,yes,0.8228032249046492,0.9,yes,True,1.0
SOL,KXSOL15M-26SEP202315-15,2026-09-21T03:08:03.096381+00:00,416.90361881256104,yes,0.8268646604991406,0.917,yes,True,0.83
XRP,KXXRP15M-26SEP202230-30,2026-09-21T02:24:04.796172+00:00,355.2038278579712,yes,0.8245147045090613,0.911,yes,True,0.89
XRP,KXXRP15M-26SEP210115-15,2026-09-21T05:09:54.151015+00:00,305.8489851951599,no,0.8248742872900391,0.947,no,True,0.53
