asset,market,entry_time_et,seconds_remaining,window,contracts,net_pnl,fees,exit_reason
ETH,KXETH15M-26SEP272100-00,2026-09-27T20:52:39.619530-04:00,440.3804700374603,8–7 min,10.0,-4.4008,0.2008,HARD_STOP
SOL,KXSOL15M-26SEP272230-30,2026-09-27T22:22:00.425735-04:00,479.57426500320435,8–7 min,15.0,0.7985,0.0565,SETTLEMENT
ETH,KXETH15M-26SEP272230-30,2026-09-27T22:22:07.393088-04:00,472.6069118976593,8–7 min,10.0,0.6544,0.0456,SETTLEMENT
BTC,KXBTC15M-26SEP272230-30,2026-09-27T22:22:54.834871-04:00,425.1651289463043,8–7 min,15.0,1.0239,0.0711,SETTLEMENT
ETH,KXETH15M-26SEP272315-15,2026-09-27T23:07:43.345971-04:00,436.6540288925171,8–7 min,10.0,0.937,0.063,SETTLEMENT
ETH,KXETH15M-26SEP280145-45,2026-09-28T01:37:00.283233-04:00,479.7167670726776,8–7 min,10.0,-5.0603,0.2103,HARD_STOP
DOGE,KXDOGE15M-26SEP280145-45,2026-09-28T01:37:01.015508-04:00,478.98449206352234,8–7 min,10.0,0.4292,0.0308,SETTLEMENT
BTC,KXBTC15M-26SEP280145-45,2026-09-28T01:37:02.177461-04:00,477.82253909111023,8–7 min,15.0,-7.8379,0.3079,HARD_STOP
SOL,KXSOL15M-26SEP280230-30,2026-09-28T02:22:00.314653-04:00,479.6853470802307,8–7 min,15.0,0.8473,0.0597,SETTLEMENT
DOGE,KXDOGE15M-26SEP280230-30,2026-09-28T02:22:01.428296-04:00,478.57170391082764,8–7 min,10.0,0.5042,0.0358,SETTLEMENT
BNB,KXBNB15M-26SEP280230-30,2026-09-28T02:22:02.380084-04:00,477.61991596221924,8–7 min,10.0,0.4096,0.0294,SETTLEMENT
ETH,KXETH15M-26SEP280230-30,2026-09-28T02:22:24.497991-04:00,455.5020089149475,8–7 min,10.0,0.7014,0.0486,SETTLEMENT
HYPE,KXHYPE15M-26SEP280300-00,2026-09-28T02:52:00.201206-04:00,479.7987940311432,8–7 min,10.0,0.3731,0.0269,SETTLEMENT
ETH,KXETH15M-26SEP280500-00,2026-09-28T04:52:00.306655-04:00,479.69334506988525,8–7 min,10.0,0.4911,0.0349,SETTLEMENT
BTC,KXBTC15M-26SEP280515-15,2026-09-28T05:07:06.851970-04:00,473.1480300426483,8–7 min,15.0,0.5737,0.0413,SETTLEMENT
ETH,KXETH15M-26SEP280545-45,2026-09-28T05:37:00.344875-04:00,479.6551249027252,8–7 min,10.0,0.5567,0.0393,SETTLEMENT
BTC,KXBTC15M-26SEP280545-45,2026-09-28T05:37:07.690378-04:00,472.30962204933167,8–7 min,15.0,1.3771,0.0929,SETTLEMENT
BTC,KXBTC15M-26SEP280615-15,2026-09-28T06:07:00.323968-04:00,479.6760320663452,8–7 min,15.0,0.8126,0.0574,SETTLEMENT
DOGE,KXDOGE15M-26SEP280615-15,2026-09-28T06:07:03.876550-04:00,476.12345004081726,8–7 min,10.0,0.3918,0.0282,SETTLEMENT
ETH,KXETH15M-26SEP280615-15,2026-09-28T06:07:13.773188-04:00,466.22681188583374,8–7 min,10.0,0.4096,0.0294,SETTLEMENT
ETH,KXETH15M-26SEP280645-45,2026-09-28T06:37:07.394264-04:00,472.6057360172272,8–7 min,10.0,0.6732,0.0468,SETTLEMENT
BTC,KXBTC15M-26SEP280645-45,2026-09-28T06:37:14.470233-04:00,465.529767036438,8–7 min,15.0,0.7844,0.0556,SETTLEMENT
ETH,KXETH15M-26SEP280715-15,2026-09-28T07:07:13.593529-04:00,466.4064710140228,8–7 min,10.0,0.6262,0.0438,SETTLEMENT
HYPE,KXHYPE15M-26SEP280730-30,2026-09-28T07:22:55.442138-04:00,424.55786204338074,8–7 min,10.0,0.3918,0.0282,SETTLEMENT
SOL,KXSOL15M-26SEP280800-00,2026-09-28T07:52:02.743543-04:00,477.2564570903778,8–7 min,15.0,-6.8373,0.3273,HARD_STOP
ETH,KXETH15M-26SEP280815-15,2026-09-28T08:07:13.183000-04:00,466.81699991226196,8–7 min,10.0,0.3918,0.0282,SETTLEMENT
SOL,KXSOL15M-26SEP280815-15,2026-09-28T08:07:14.293924-04:00,465.70607590675354,8–7 min,15.0,0.5737,0.0413,SETTLEMENT
BTC,KXBTC15M-26SEP280815-15,2026-09-28T08:07:15.749526-04:00,464.25047397613525,8–7 min,15.0,0.7563,0.0537,SETTLEMENT
HYPE,KXHYPE15M-26SEP280815-15,2026-09-28T08:07:45.571787-04:00,434.42821288108826,8–7 min,10.0,0.6074,0.0426,SETTLEMENT
ETH,KXETH15M-26SEP280900-00,2026-09-28T08:52:02.637669-04:00,477.3623309135437,8–7 min,10.0,0.4227,0.0303,SETTLEMENT
BTC,KXBTC15M-26SEP280900-00,2026-09-28T08:52:11.407388-04:00,468.59261202812195,8–7 min,15.0,0.9816,0.0684,SETTLEMENT
SOL,KXSOL15M-26SEP280900-00,2026-09-28T08:52:32.202526-04:00,447.7974739074707,8–7 min,15.0,0.8689,0.0611,SETTLEMENT
HYPE,KXHYPE15M-26SEP280900-00,2026-09-28T08:52:55.158537-04:00,424.84146308898926,8–7 min,10.0,0.4011,0.0289,SETTLEMENT
BTC,KXBTC15M-26SEP280915-15,2026-09-28T09:07:00.530487-04:00,479.4695129394531,8–7 min,15.0,0.5737,0.0413,SETTLEMENT
ETH,KXETH15M-26SEP281000-00,2026-09-28T09:52:00.627693-04:00,479.37230706214905,8–7 min,10.0,-4.0487,0.21705,HARD_STOP
BTC,KXBTC15M-26SEP281015-15,2026-09-28T10:07:00.471051-04:00,479.5289490222931,8–7 min,15.0,2.1161,0.1339,SETTLEMENT
SOL,KXSOL15M-26SEP281015-15,2026-09-28T10:07:32.752585-04:00,447.2474150657654,8–7 min,15.0,2.6406,0.1594,SETTLEMENT
ETH,KXETH15M-26SEP281230-30,2026-09-28T12:22:00.258105-04:00,479.74189496040344,8–7 min,10.0,0.3965,0.0285,SETTLEMENT
BTC,KXBTC15M-26SEP281230-30,2026-09-28T12:22:06.319781-04:00,473.6802189350128,8–7 min,15.0,0.6579,0.0471,SETTLEMENT
DOGE,KXDOGE15M-26SEP281315-15,2026-09-28T13:07:56.483253-04:00,423.51674699783325,8–7 min,10.0,-4.1278,0.2008,HARD_STOP
BTC,KXBTC15M-26SEP281330-30,2026-09-28T13:22:37.398908-04:00,442.60109210014343,8–7 min,15.0,1.6891,0.1109,SETTLEMENT
XRP,KXXRP15M-26SEP281330-30,2026-09-28T13:22:46.389099-04:00,433.61090111732483,8–7 min,15.0,1.6891,0.1109,SETTLEMENT
HYPE,KXHYPE15M-26SEP281400-00,2026-09-28T13:52:03.073199-04:00,476.9268009662628,8–7 min,10.0,0.4761,0.0339,SETTLEMENT
HYPE,KXHYPE15M-26SEP281430-30,2026-09-28T14:22:20.805770-04:00,459.1942300796509,8–7 min,10.0,0.3731,0.0269,SETTLEMENT
SOL,KXSOL15M-26SEP281500-00,2026-09-28T14:52:23.610879-04:00,456.389121055603,8–7 min,15.0,0.9074,0.0636,SETTLEMENT
HYPE,KXHYPE15M-26SEP281500-00,2026-09-28T14:52:26.428325-04:00,453.57167506217957,8–7 min,10.0,0.5136,0.0364,SETTLEMENT
ETH,KXETH15M-26SEP281500-00,2026-09-28T14:52:31.161557-04:00,448.8384430408478,8–7 min,10.0,0.6638,0.0462,SETTLEMENT
DOGE,KXDOGE15M-26SEP281500-00,2026-09-28T14:52:57.892212-04:00,422.1077880859375,8–7 min,10.0,0.4133,0.0297,SETTLEMENT
HYPE,KXHYPE15M-26SEP281530-30,2026-09-28T15:22:00.402779-04:00,479.59722089767456,8–7 min,10.0,0.3731,0.0269,SETTLEMENT
DOGE,KXDOGE15M-26SEP281545-45,2026-09-28T15:37:00.283087-04:00,479.716912984848,8–7 min,10.0,0.4854,0.0346,SETTLEMENT
SOL,KXSOL15M-26SEP281545-45,2026-09-28T15:37:04.137063-04:00,475.8629369735718,8–7 min,15.0,0.7338,0.0522,SETTLEMENT
XRP,KXXRP15M-26SEP281545-45,2026-09-28T15:37:07.530196-04:00,472.4698040485382,8–7 min,15.0,0.9957,0.0693,SETTLEMENT
BNB,KXBNB15M-26SEP281700-00,2026-09-28T16:52:33.603559-04:00,446.3964409828186,8–7 min,10.0,-5.4383,0.2083,HARD_STOP
BTC,KXBTC15M-26SEP281715-15,2026-09-28T17:05:00.693790-04:00,599.3062100410461,10–9 min,15.0,1.9735,0.1265,SETTLEMENT
BTC,KXBTC15M-26SEP281730-30,2026-09-28T17:22:00.384755-04:00,479.61524510383606,8–7 min,15.0,1.5472,0.1028,SETTLEMENT
BNB,KXBNB15M-26SEP281730-30,2026-09-28T17:22:05.177115-04:00,474.8228850364685,8–7 min,10.0,0.5361,0.0379,SETTLEMENT
BTC,KXBTC15M-26SEP281800-00,2026-09-28T17:51:39.287857-04:00,500.71214294433594,9–8 min,15.0,2.2588,0.1412,SETTLEMENT
HYPE,KXHYPE15M-26SEP281815-15,2026-09-28T18:05:31.768870-04:00,568.2311298847198,10–9 min,10.0,0.8936,0.0604,SETTLEMENT
DOGE,KXDOGE15M-26SEP281815-15,2026-09-28T18:05:53.483455-04:00,546.5165450572968,10–9 min,10.0,0.6704,0.0466,SETTLEMENT
BNB,KXBNB15M-26SEP281815-15,2026-09-28T18:06:25.705559-04:00,514.294440984726,9–8 min,10.0,0.4311,0.0309,SETTLEMENT
BTC,KXBTC15M-26SEP281845-45,2026-09-28T18:35:00.681100-04:00,599.3189001083374,10–9 min,15.0,2.1161,0.1339,SETTLEMENT
DOGE,KXDOGE15M-26SEP281845-45,2026-09-28T18:36:07.582535-04:00,532.4174649715424,9–8 min,10.0,0.5042,0.0358,SETTLEMENT
XRP,KXXRP15M-26SEP281845-45,2026-09-28T18:36:09.450251-04:00,530.5497488975525,9–8 min,15.0,0.5671,0.0409,SETTLEMENT
ETH,KXETH15M-26SEP281845-45,2026-09-28T18:36:30.387946-04:00,509.61205410957336,9–8 min,10.0,0.3731,0.0269,SETTLEMENT
BTC,KXBTC15M-26SEP281900-00,2026-09-28T18:52:17.882795-04:00,462.1172049045563,8–7 min,15.0,2.4018,0.1482,SETTLEMENT
HYPE,KXHYPE15M-26SEP281915-15,2026-09-28T19:05:00.338280-04:00,599.6617200374603,10–9 min,10.0,-4.5407,0.2072,HARD_STOP
DOGE,KXDOGE15M-26SEP281930-30,2026-09-28T19:20:32.313869-04:00,567.6861310005188,10–9 min,10.0,0.6835,0.0475,SETTLEMENT
BNB,KXBNB15M-26SEP281930-30,2026-09-28T19:20:49.543531-04:00,550.4564690589905,10–9 min,10.0,0.4292,0.0308,SETTLEMENT
HYPE,KXHYPE15M-26SEP281930-30,2026-09-28T19:22:20.616591-04:00,459.3834090232849,8–7 min,10.0,0.6309,0.0441,SETTLEMENT
BNB,KXBNB15M-26SEP281945-45,2026-09-28T19:36:16.380273-04:00,523.619726896286,9–8 min,10.0,0.8049,0.0551,SETTLEMENT
BTC,KXBTC15M-26SEP282000-00,2026-09-28T19:50:17.046453-04:00,582.953547000885,10–9 min,15.0,2.1161,0.1339,SETTLEMENT
BTC,KXBTC15M-26SEP282030-30,2026-09-28T20:20:28.502439-04:00,571.4975609779358,10–9 min,15.0,-7.4086,0.3586,HARD_STOP
BNB,KXBNB15M-26SEP282030-30,2026-09-28T20:22:03.373235-04:00,476.6267650127411,8–7 min,10.0,-4.3142,0.2132,HARD_STOP
XRP,KXXRP15M-26SEP282100-00,2026-09-28T20:50:01.414520-04:00,598.5854799747467,10–9 min,15.0,0.7366,0.0524,SETTLEMENT
BTC,KXBTC15M-26SEP282100-00,2026-09-28T20:50:02.793479-04:00,597.2065210342407,10–9 min,20.0,1.4405,0.0995,SETTLEMENT
BNB,KXBNB15M-26SEP282100-00,2026-09-28T20:50:05.673915-04:00,594.3260850906372,10–9 min,10.0,0.3731,0.0269,SETTLEMENT
DOGE,KXDOGE15M-26SEP282100-00,2026-09-28T20:50:17.988176-04:00,582.0118238925934,10–9 min,10.0,0.3824,0.0276,SETTLEMENT
HYPE,KXHYPE15M-26SEP282115-15,2026-09-28T21:07:10.949205-04:00,469.0507950782776,8–7 min,10.0,1.888,0.112,SETTLEMENT
BNB,KXBNB15M-26SEP282130-30,2026-09-28T21:20:00.371360-04:00,599.6286399364471,10–9 min,10.0,-4.5295,0.2135,HARD_STOP
SOL,KXSOL15M-26SEP282130-30,2026-09-28T21:20:02.448857-04:00,597.5511429309845,10–9 min,20.0,1.0835,0.0765,SETTLEMENT
BTC,KXBTC15M-26SEP282330-30,2026-09-28T23:20:15.741680-04:00,584.2583200931549,10–9 min,20.0,2.2521,0.1479,SETTLEMENT
DOGE,KXDOGE15M-26SEP282330-30,2026-09-28T23:20:35.509358-04:00,564.4906420707703,10–9 min,10.0,0.6271,0.0439,SETTLEMENT
XRP,KXXRP15M-26SEP282330-30,2026-09-28T23:21:01.175919-04:00,538.8240809440613,9–8 min,15.0,0.9525,0.0665,SETTLEMENT
HYPE,KXHYPE15M-26SEP282330-30,2026-09-28T23:21:06.193847-04:00,533.8061530590057,9–8 min,10.0,0.629,0.044,SETTLEMENT
SOL,KXSOL15M-26SEP282330-30,2026-09-28T23:21:25.602864-04:00,514.3971359729767,9–8 min,20.0,1.8431,0.12426,SETTLEMENT
BNB,KXBNB15M-26SEP282330-30,2026-09-28T23:21:32.145959-04:00,507.85404109954834,9–8 min,10.0,0.538,0.038,SETTLEMENT
HYPE,KXHYPE15M-26SEP290030-30,2026-09-29T00:20:07.496002-04:00,592.503998041153,10–9 min,10.0,0.937,0.063,SETTLEMENT
BTC,KXBTC15M-26SEP290030-30,2026-09-29T00:22:00.596008-04:00,479.40399193763733,8–7 min,20.0,1.874,0.126,SETTLEMENT
HYPE,KXHYPE15M-26SEP290045-45,2026-09-29T00:35:00.461967-04:00,599.5380330085754,10–9 min,10.0,0.7288,0.0502,SETTLEMENT
BTC,KXBTC15M-26SEP290045-45,2026-09-29T00:35:01.229223-04:00,598.7707769870758,10–9 min,20.0,3.2024,0.1976,SETTLEMENT
BNB,KXBNB15M-26SEP290045-45,2026-09-29T00:35:03.021639-04:00,596.9783608913422,10–9 min,10.0,0.6732,0.0468,SETTLEMENT
DOGE,KXDOGE15M-26SEP290045-45,2026-09-29T00:35:06.541295-04:00,593.4587049484253,10–9 min,10.0,0.7889,0.0541,SETTLEMENT
XRP,KXXRP15M-26SEP290045-45,2026-09-29T00:36:01.284595-04:00,538.7154049873352,9–8 min,15.0,1.0662,0.0738,SETTLEMENT
ETH,KXETH15M-26SEP290045-45,2026-09-29T00:36:02.833874-04:00,537.1661260128021,9–8 min,10.0,0.3918,0.0282,SETTLEMENT
BNB,KXBNB15M-26SEP290100-00,2026-09-29T00:50:00.849933-04:00,599.1500670909882,10–9 min,10.0,0.4386,0.0314,SETTLEMENT
BTC,KXBTC15M-26SEP290100-00,2026-09-29T00:50:18.567602-04:00,581.4323980808258,10–9 min,20.0,-6.525,0.525,HARD_STOP
HYPE,KXHYPE15M-26SEP290100-00,2026-09-29T00:50:20.556426-04:00,579.4435739517212,10–9 min,10.0,0.6149,0.0431,SETTLEMENT
HYPE,KXHYPE15M-26SEP290115-15,2026-09-29T01:07:59.541034-04:00,420.4589660167694,8–7 min,10.0,-4.5383,0.2123,HARD_STOP
BNB,KXBNB15M-26SEP290130-30,2026-09-29T01:20:58.929985-04:00,541.0700149536133,10–9 min,10.0,0.557,0.03932,SETTLEMENT
BTC,KXBTC15M-26SEP290145-45,2026-09-29T01:35:02.590566-04:00,597.4094340801239,10–9 min,20.0,-8.197,0.397,HARD_STOP
XRP,KXXRP15M-26SEP290145-45,2026-09-29T01:35:12.749188-04:00,587.2508120536804,10–9 min,15.0,-6.8884,0.3034,HARD_STOP
DOGE,KXDOGE15M-26SEP290145-45,2026-09-29T01:35:39.534574-04:00,560.4654259681702,10–9 min,10.0,0.3824,0.0276,SETTLEMENT
BTC,KXBTC15M-26SEP290215-15,2026-09-29T02:05:24.227944-04:00,575.7720561027527,10–9 min,20.0,1.8362,0.1238,SETTLEMENT
DOGE,KXDOGE15M-26SEP290215-15,2026-09-29T02:07:08.399024-04:00,471.6009759902954,8–7 min,10.0,0.7343,0.0507,SETTLEMENT
HYPE,KXHYPE15M-26SEP290215-15,2026-09-29T02:07:16.500659-04:00,463.49934101104736,8–7 min,10.0,0.7131,0.04936,SETTLEMENT
XRP,KXXRP15M-26SEP290215-15,2026-09-29T02:07:35.254782-04:00,444.74521803855896,8–7 min,15.0,0.8966,0.0629,SETTLEMENT
BTC,KXBTC15M-26SEP290300-00,2026-09-29T02:51:26.778547-04:00,513.2214529514313,9–8 min,20.0,3.3933,0.2067,SETTLEMENT
ETH,KXETH15M-26SEP290300-00,2026-09-29T02:51:29.594776-04:00,510.4052240848541,9–8 min,10.0,1.3157,0.0843,SETTLEMENT
DOGE,KXDOGE15M-26SEP290300-00,2026-09-29T02:51:39.690832-04:00,500.30916810035706,9–8 min,10.0,1.126,0.074,SETTLEMENT
BNB,KXBNB15M-26SEP290300-00,2026-09-29T02:52:03.045094-04:00,476.9549059867859,8–7 min,10.0,1.3256,0.0849,SETTLEMENT
HYPE,KXHYPE15M-26SEP290315-15,2026-09-29T03:05:50.566837-04:00,549.4331629276276,10–9 min,10.0,0.63,0.044,SETTLEMENT
BNB,KXBNB15M-26SEP290430-30,2026-09-29T04:21:18.793163-04:00,521.206836938858,9–8 min,10.0,0.937,0.063,SETTLEMENT
BTC,KXBTC15M-26SEP290430-30,2026-09-29T04:21:19.520044-04:00,520.4799559116364,9–8 min,20.0,1.3088,0.0912,SETTLEMENT
XRP,KXXRP15M-26SEP290430-30,2026-09-29T04:21:48.513751-04:00,491.48624897003174,9–8 min,15.0,0.583,0.042,SETTLEMENT
BTC,KXBTC15M-26SEP290445-45,2026-09-29T04:36:35.726619-04:00,504.27338099479675,9–8 min,20.0,0.8772,0.0628,SETTLEMENT
BTC,KXBTC15M-26SEP290515-15,2026-09-29T05:07:24.385588-04:00,455.6144120693207,8–7 min,20.0,2.0629,0.1371,SETTLEMENT
DOGE,KXDOGE15M-26SEP290530-30,2026-09-29T05:22:00.702296-04:00,479.29770398139954,8–7 min,10.0,-4.052,0.21677,HARD_STOP
BTC,KXBTC15M-26SEP290545-45,2026-09-29T05:37:44.320380-04:00,435.6796200275421,8–7 min,20.0,1.3276,0.0924,SETTLEMENT
HYPE,KXHYPE15M-26SEP290600-00,2026-09-29T05:50:00.795818-04:00,599.2041819095612,10–9 min,10.0,0.3918,0.0282,SETTLEMENT
BTC,KXBTC15M-26SEP290600-00,2026-09-29T05:50:02.274608-04:00,597.7253921031952,10–9 min,20.0,0.7836,0.0564,SETTLEMENT
BNB,KXBNB15M-26SEP290600-00,2026-09-29T05:50:25.418867-04:00,574.581132888794,10–9 min,10.0,0.4761,0.0339,SETTLEMENT
XRP,KXXRP15M-26SEP290600-00,2026-09-29T05:50:31.823457-04:00,568.1765429973602,10–9 min,15.0,0.672,0.048,SETTLEMENT
DOGE,KXDOGE15M-26SEP290600-00,2026-09-29T05:50:50.187231-04:00,549.8127689361572,10–9 min,10.0,0.5136,0.0364,SETTLEMENT
HYPE,KXHYPE15M-26SEP290630-30,2026-09-29T06:20:00.526749-04:00,599.4732511043549,10–9 min,10.0,0.4161,0.0299,SETTLEMENT
BTC,KXBTC15M-26SEP290630-30,2026-09-29T06:21:00.696329-04:00,539.3036708831787,9–8 min,20.0,1.121,0.079,SETTLEMENT
DOGE,KXDOGE15M-26SEP290630-30,2026-09-29T06:22:01.390297-04:00,478.60970306396484,8–7 min,10.0,0.3731,0.0269,SETTLEMENT
BTC,KXBTC15M-26SEP290645-45,2026-09-29T06:35:10.915898-04:00,589.0841019153595,10–9 min,20.0,2.4416,0.1584,SETTLEMENT
DOGE,KXDOGE15M-26SEP290645-45,2026-09-29T06:37:44.390371-04:00,435.60962891578674,8–7 min,10.0,0.4667,0.0333,SETTLEMENT
XRP,KXXRP15M-26SEP290645-45,2026-09-29T06:37:45.535284-04:00,434.4647159576416,8–7 min,15.0,0.7001,0.0499,SETTLEMENT
BTC,KXBTC15M-26SEP290715-15,2026-09-29T07:05:00.426506-04:00,599.5734939575195,10–9 min,20.0,-7.3072,0.5072,HARD_STOP
BTC,KXBTC15M-26SEP290745-45,2026-09-29T07:35:00.934290-04:00,599.065710067749,10–9 min,20.0,0.9335,0.0665,SETTLEMENT
XRP,KXXRP15M-26SEP290745-45,2026-09-29T07:35:05.737218-04:00,594.2627820968628,10–9 min,15.0,0.761,0.054,SETTLEMENT
HYPE,KXHYPE15M-26SEP290745-45,2026-09-29T07:36:36.616717-04:00,503.38328289985657,9–8 min,10.0,0.3824,0.0276,SETTLEMENT
XRP,KXXRP15M-26SEP290800-00,2026-09-29T07:50:00.978832-04:00,599.0211679935455,10–9 min,15.0,0.6205,0.0445,SETTLEMENT
DOGE,KXDOGE15M-26SEP290800-00,2026-09-29T07:50:01.724279-04:00,598.2757210731506,10–9 min,10.0,0.5699,0.0401,SETTLEMENT
SOL,KXSOL15M-26SEP290800-00,2026-09-29T07:50:03.488203-04:00,596.511796951294,10–9 min,20.0,1.29,0.09,SETTLEMENT
BTC,KXBTC15M-26SEP290800-00,2026-09-29T07:50:07.944886-04:00,592.055114030838,10–9 min,20.0,1.0647,0.0753,SETTLEMENT
HYPE,KXHYPE15M-26SEP290800-00,2026-09-29T07:50:15.741591-04:00,584.2584090232849,10–9 min,10.0,0.5717,0.0403,SETTLEMENT
BNB,KXBNB15M-26SEP290800-00,2026-09-29T07:50:18.861555-04:00,581.1384449005127,10–9 min,10.0,0.5286,0.0374,SETTLEMENT
ETH,KXETH15M-26SEP290800-00,2026-09-29T07:51:05.986691-04:00,534.0133090019226,9–8 min,10.0,0.5605,0.0395,SETTLEMENT
DOGE,KXDOGE15M-26SEP290845-45,2026-09-29T08:35:00.456595-04:00,599.5434050559998,10–9 min,10.0,0.4854,0.0346,SETTLEMENT
BTC,KXBTC15M-26SEP290845-45,2026-09-29T08:35:19.928085-04:00,580.0719149112701,10–9 min,20.0,1.7796,0.1204,SETTLEMENT
BTC,KXBTC15M-26SEP290945-45,2026-09-29T09:35:48.959407-04:00,551.0405929088593,10–9 min,20.0,1.2008,0.08422,SETTLEMENT
XRP,KXXRP15M-26SEP291015-15,2026-09-29T10:06:20.322293-04:00,519.6777069568634,9–8 min,15.0,-4.7003,0.4303,HARD_STOP
DOGE,KXDOGE15M-26SEP291015-15,2026-09-29T10:06:23.511615-04:00,516.4883849620819,9–8 min,10.0,0.418,0.03,SETTLEMENT
BTC,KXBTC15M-26SEP291015-15,2026-09-29T10:06:30.936997-04:00,509.0630030632019,9–8 min,20.0,0.9335,0.0665,SETTLEMENT
HYPE,KXHYPE15M-26SEP291015-15,2026-09-29T10:06:36.314409-04:00,503.68559098243713,9–8 min,10.0,0.5811,0.0409,SETTLEMENT
BTC,KXBTC15M-26SEP291100-00,2026-09-29T10:50:38.856468-04:00,561.143532037735,10–9 min,20.0,-5.762,0.562,HARD_STOP
HYPE,KXHYPE15M-26SEP291100-00,2026-09-29T10:51:02.309780-04:00,537.690220117569,9–8 min,10.0,0.5497,0.03886,SETTLEMENT
HYPE,KXHYPE15M-26SEP291115-15,2026-09-29T11:05:01.078975-04:00,598.9210250377655,10–9 min,10.0,0.4218,0.0302,SETTLEMENT
DOGE,KXDOGE15M-26SEP291115-15,2026-09-29T11:05:02.062550-04:00,597.9374499320984,10–9 min,10.0,0.645,0.045,SETTLEMENT
BTC,KXBTC15M-26SEP291115-15,2026-09-29T11:05:07.976115-04:00,592.023885011673,10–9 min,20.0,2.0629,0.1371,SETTLEMENT
XRP,KXXRP15M-26SEP291115-15,2026-09-29T11:05:14.284491-04:00,585.7155089378357,10–9 min,15.0,0.9487,0.0663,SETTLEMENT
ETH,KXETH15M-26SEP291115-15,2026-09-29T11:05:42.950777-04:00,557.049222946167,10–9 min,10.0,0.6544,0.0456,SETTLEMENT
SOL,KXSOL15M-26SEP291115-15,2026-09-29T11:05:59.060068-04:00,540.9399321079254,10–9 min,20.0,0.8155,0.0585,SETTLEMENT
DOGE,KXDOGE15M-26SEP291215-15,2026-09-29T12:05:29.731202-04:00,570.2687981128693,10–9 min,10.0,1.5059,0.0941,SETTLEMENT
HYPE,KXHYPE15M-26SEP291230-30,2026-09-29T12:20:37.889088-04:00,562.1109120845795,10–9 min,10.0,0.3731,0.0269,SETTLEMENT
BTC,KXBTC15M-26SEP291230-30,2026-09-29T12:21:21.823028-04:00,518.176971912384,9–8 min,20.0,1.1585,0.0815,SETTLEMENT
HYPE,KXHYPE15M-26SEP291330-30,2026-09-29T13:21:21.269990-04:00,518.7300100326538,9–8 min,10.0,0.8389,0.0571,SETTLEMENT
DOGE,KXDOGE15M-26SEP291330-30,2026-09-29T13:22:00.646832-04:00,479.35316801071167,8–7 min,10.0,0.4152,0.0298,SETTLEMENT
HYPE,KXHYPE15M-26SEP291400-00,2026-09-29T13:50:00.862869-04:00,599.1371309757233,10–9 min,10.0,0.3824,0.0276,SETTLEMENT
BNB,KXBNB15M-26SEP291400-00,2026-09-29T13:50:52.457035-04:00,547.5429649353027,10–9 min,10.0,0.7531,0.0519,SETTLEMENT
DOGE,KXDOGE15M-26SEP291400-00,2026-09-29T13:51:04.718311-04:00,535.2816889286041,9–8 min,10.0,0.3731,0.0269,SETTLEMENT
BTC,KXBTC15M-26SEP291400-00,2026-09-29T13:51:07.754030-04:00,532.2459700107574,9–8 min,20.0,1.5722,0.1078,SETTLEMENT
BTC,KXBTC15M-26SEP291415-15,2026-09-29T14:05:01.516218-04:00,598.4837820529938,10–9 min,20.0,0.9335,0.0665,SETTLEMENT
DOGE,KXDOGE15M-26SEP291415-15,2026-09-29T14:05:45.344925-04:00,554.6550750732422,10–9 min,10.0,0.4105,0.0295,SETTLEMENT
HYPE,KXHYPE15M-26SEP291515-15,2026-09-29T15:05:08.723799-04:00,591.2762010097504,10–9 min,10.0,-3.3061,0.2661,HARD_STOP
BNB,KXBNB15M-26SEP291515-15,2026-09-29T15:07:11.698982-04:00,468.30101799964905,8–7 min,10.0,-2.5728,0.2728,HARD_STOP
HYPE,KXHYPE15M-26SEP291545-45,2026-09-29T15:37:43.526896-04:00,436.47310400009155,8–7 min,10.0,0.5821,0.0409,SETTLEMENT
XRP,KXXRP15M-26SEP291615-15,2026-09-29T16:05:55.460206-04:00,544.5397939682007,10–9 min,15.0,-4.5021,0.4226,HARD_STOP
DOGE,KXDOGE15M-26SEP291615-15,2026-09-29T16:06:29.591203-04:00,510.40879702568054,9–8 min,10.0,-3.2828,0.2828,HARD_STOP
BNB,KXBNB15M-26SEP291615-15,2026-09-29T16:06:41.515352-04:00,498.48464798927307,9–8 min,10.0,-3.4584,0.2784,HARD_STOP
SOL,KXSOL15M-26SEP291615-15,2026-09-29T16:07:07.563642-04:00,472.4363579750061,8–7 min,20.0,-6.3555,0.5555,HARD_STOP
DOGE,KXDOGE15M-26SEP291630-30,2026-09-29T16:20:11.789423-04:00,588.2105770111084,10–9 min,10.0,0.448,0.032,SETTLEMENT
BTC,KXBTC15M-26SEP291715-15,2026-09-29T17:05:22.184398-04:00,577.8156020641327,10–9 min,20.0,2.8215,0.1785,SETTLEMENT
BTC,KXBTC15M-26SEP291730-30,2026-09-29T17:20:03.756494-04:00,596.2435059547424,10–9 min,20.0,3.0118,0.1882,SETTLEMENT
XRP,KXXRP15M-26SEP291730-30,2026-09-29T17:20:15.927857-04:00,584.0721430778503,10–9 min,15.0,1.198,0.082,SETTLEMENT
HYPE,KXHYPE15M-26SEP291730-30,2026-09-29T17:20:36.863057-04:00,563.1369431018829,10–9 min,10.0,0.6337,0.0443,SETTLEMENT
ETH,KXETH15M-26SEP291730-30,2026-09-29T17:20:51.711243-04:00,548.2887570858002,10–9 min,10.0,0.6262,0.0438,SETTLEMENT
DOGE,KXDOGE15M-26SEP291730-30,2026-09-29T17:21:01.197645-04:00,538.8023550510406,9–8 min,10.0,0.661,0.046,SETTLEMENT
ETH,KXETH15M-26SEP291815-15,2026-09-29T18:05:02.237491-04:00,597.7625091075897,10–9 min,10.0,0.5567,0.0393,SETTLEMENT
BTC,KXBTC15M-26SEP291815-15,2026-09-29T18:05:03.695446-04:00,596.3045539855957,10–9 min,20.0,4.1597,0.2403,SETTLEMENT
XRP,KXXRP15M-26SEP291845-45,2026-09-29T18:35:58.597052-04:00,541.4029479026794,10–9 min,15.0,1.4055,0.0945,SETTLEMENT
SOL,KXSOL15M-26SEP291845-45,2026-09-29T18:36:44.175697-04:00,495.8243029117584,9–8 min,20.0,-7.0532,0.5732,HARD_STOP
HYPE,KXHYPE15M-26SEP291845-45,2026-09-29T18:37:35.973694-04:00,444.02630591392517,8–7 min,10.0,1.6966,0.1034,SETTLEMENT
ETH,KXETH15M-26SEP291915-15,2026-09-29T19:05:00.248848-04:00,599.7511520385742,10–9 min,10.0,1.126,0.074,SETTLEMENT
SOL,KXSOL15M-26SEP291915-15,2026-09-29T19:05:07.140024-04:00,592.8599760532379,10–9 min,20.0,0.9335,0.0665,SETTLEMENT
DOGE,KXDOGE15M-26SEP291915-15,2026-09-29T19:05:10.765707-04:00,589.2342929840088,10–9 min,10.0,0.6168,0.0432,SETTLEMENT
BTC,KXBTC15M-26SEP291915-15,2026-09-29T19:05:11.892999-04:00,588.1070010662079,10–9 min,20.0,1.3652,0.0948,SETTLEMENT
XRP,KXXRP15M-26SEP291915-15,2026-09-29T19:05:30.805649-04:00,569.1943509578705,10–9 min,15.0,0.9863,0.0687,SETTLEMENT
ETH,KXETH15M-26SEP291930-30,2026-09-29T19:21:05.140354-04:00,534.8596460819244,9–8 min,10.0,0.4761,0.0339,SETTLEMENT
BTC,KXBTC15M-26SEP291930-30,2026-09-29T19:22:00.372731-04:00,479.6272690296173,8–7 min,20.0,1.5911,0.1089,SETTLEMENT
DOGE,KXDOGE15M-26SEP291930-30,2026-09-29T19:22:05.335672-04:00,474.6643280982971,8–7 min,10.0,0.6262,0.0438,SETTLEMENT
DOGE,KXDOGE15M-26SEP291945-45,2026-09-29T19:36:06.872350-04:00,533.1276500225067,9–8 min,10.0,0.5304,0.0376,SETTLEMENT
BTC,KXBTC15M-26SEP292030-30,2026-09-29T20:20:32.900083-04:00,567.099916934967,10–9 min,20.0,-7.2836,0.4836,HARD_STOP
SOL,KXSOL15M-26SEP292030-30,2026-09-29T20:22:13.613897-04:00,466.3861029148102,8–7 min,20.0,-8.7408,0.4058,HARD_STOP
BTC,KXBTC15M-26SEP292215-15,2026-09-29T22:06:17.657793-04:00,522.342206954956,9–8 min,20.0,1.7985,0.1215,SETTLEMENT
SOL,KXSOL15M-26SEP292215-15,2026-09-29T22:07:03.091864-04:00,476.9081358909607,8–7 min,20.0,0.8585,0.0615,SETTLEMENT
DOGE,KXDOGE15M-26SEP292215-15,2026-09-29T22:07:19.228763-04:00,460.7712368965149,8–7 min,10.0,0.3731,0.0269,SETTLEMENT
ETH,KXETH15M-26SEP292215-15,2026-09-29T22:07:34.517283-04:00,445.4827170372009,8–7 min,10.0,-4.4264,0.2064,HARD_STOP
ETH,KXETH15M-26SEP292300-00,2026-09-29T22:52:13.448437-04:00,466.5515630245209,8–7 min,10.0,0.9936,0.0664,SETTLEMENT
SOL,KXSOL15M-26SEP292330-30,2026-09-29T23:20:02.161679-04:00,597.8383209705353,10–9 min,20.0,0.7649,0.0551,SETTLEMENT
ETH,KXETH15M-26SEP292330-30,2026-09-29T23:20:04.789405-04:00,595.2105948925018,10–9 min,10.0,0.8059,0.0551,SETTLEMENT
DOGE,KXDOGE15M-26SEP300000-00,2026-09-29T23:52:21.831867-04:00,458.168133020401,8–7 min,10.0,0.4864,0.0346,SETTLEMENT
BTC,KXBTC15M-26SEP300015-15,2026-09-30T00:05:00.444983-04:00,599.5550169944763,10–9 min,20.0,-6.7263,0.5263,HARD_STOP
DOGE,KXDOGE15M-26SEP300015-15,2026-09-30T00:06:04.551193-04:00,535.4488070011139,9–8 min,10.0,-3.9874,0.1974,HARD_STOP
BTC,KXBTC15M-26SEP300100-00,2026-09-30T00:50:05.351252-04:00,594.64874792099,10–9 min,20.0,3.5845,0.2155,SETTLEMENT
DOGE,KXDOGE15M-26SEP300100-00,2026-09-30T00:51:00.661161-04:00,539.3388390541077,9–8 min,10.0,1.3157,0.0843,SETTLEMENT
BTC,KXBTC15M-26SEP300115-15,2026-09-30T01:06:14.403897-04:00,525.5961029529572,9–8 min,20.0,1.7985,0.1215,SETTLEMENT
ETH,KXETH15M-26SEP300200-00,2026-09-30T01:51:43.434098-04:00,496.5659019947052,9–8 min,10.0,0.9275,0.0625,SETTLEMENT
BTC,KXBTC15M-26SEP300200-00,2026-09-30T01:51:52.626268-04:00,487.37373208999634,9–8 min,20.0,2.8215,0.1785,SETTLEMENT
SOL,KXSOL15M-26SEP300200-00,2026-09-30T01:52:00.722323-04:00,479.2776770591736,8–7 min,20.0,1.2524,0.0876,SETTLEMENT
ETH,KXETH15M-26SEP300330-30,2026-09-30T03:20:06.256342-04:00,593.7436580657959,10–9 min,10.0,0.4199,0.0301,SETTLEMENT
BTC,KXBTC15M-26SEP300330-30,2026-09-30T03:20:09.954878-04:00,590.0451219081879,10–9 min,20.0,1.0272,0.0728,SETTLEMENT
ETH,KXETH15M-26SEP300415-15,2026-09-30T04:06:48.484770-04:00,491.51522994041443,9–8 min,10.0,0.937,0.063,SETTLEMENT
BNB,KXBNB15M-26SEP300430-30,2026-09-30T04:22:38.530370-04:00,441.46963000297546,8–7 min,10.0,0.4939,0.0351,SETTLEMENT
BTC,KXBTC15M-26SEP300430-30,2026-09-30T04:22:43.459665-04:00,436.54033493995667,8–7 min,20.0,-8.7404,0.4204,HARD_STOP
BTC,KXBTC15M-26SEP300515-15,2026-09-30T05:05:00.592005-04:00,599.4079949855804,10–9 min,20.0,1.874,0.126,SETTLEMENT
ETH,KXETH15M-26SEP300515-15,2026-09-30T05:05:06.564077-04:00,593.4359230995178,10–9 min,10.0,0.937,0.063,SETTLEMENT
SOL,KXSOL15M-26SEP300515-15,2026-09-30T05:06:01.420594-04:00,538.5794060230255,9–8 min,25.0,1.0657,0.0763,SETTLEMENT
DOGE,KXDOGE15M-26SEP300515-15,2026-09-30T05:06:41.949128-04:00,498.05087208747864,9–8 min,10.0,0.7014,0.0486,SETTLEMENT
BTC,KXBTC15M-26SEP300545-45,2026-09-30T05:35:00.231318-04:00,599.7686820030212,10–9 min,20.0,1.1961,0.0839,SETTLEMENT
DOGE,KXDOGE15M-26SEP300615-15,2026-09-30T06:07:48.680107-04:00,431.3198928833008,8–7 min,10.0,0.3908,0.0282,SETTLEMENT
SOL,KXSOL15M-26SEP300630-30,2026-09-30T06:21:45.309214-04:00,494.6907858848572,9–8 min,25.0,1.9832,0.1358,SETTLEMENT
BTC,KXBTC15M-26SEP300645-45,2026-09-30T06:37:17.881905-04:00,462.11809492111206,8–7 min,20.0,1.874,0.126,SETTLEMENT
ETH,KXETH15M-26SEP300715-15,2026-09-30T07:05:00.385149-04:00,599.6148509979248,10–9 min,10.0,0.5605,0.0395,SETTLEMENT
BTC,KXBTC15M-26SEP300715-15,2026-09-30T07:05:03.202998-04:00,596.7970020771027,10–9 min,20.0,1.121,0.079,SETTLEMENT
SOL,KXSOL15M-26SEP300715-15,2026-09-30T07:06:01.693485-04:00,538.3065149784088,9–8 min,25.0,1.1309,0.08076,SETTLEMENT
XRP,KXXRP15M-26SEP300715-15,2026-09-30T07:06:38.851990-04:00,501.14801001548767,9–8 min,20.0,0.8744,0.0626,SETTLEMENT
BTC,KXBTC15M-26SEP300815-15,2026-09-30T08:05:58.096762-04:00,541.9032380580902,10–9 min,20.0,3.776,0.224,SETTLEMENT
ETH,KXETH15M-26SEP300815-15,2026-09-30T08:07:12.724685-04:00,467.2753150463104,8–7 min,10.0,-5.5262,0.2262,HARD_STOP
XRP,KXXRP15M-26SEP300830-30,2026-09-30T08:20:40.910949-04:00,559.0890510082245,10–9 min,20.0,0.9081,0.06482,SETTLEMENT
BTC,KXBTC15M-26SEP300900-00,2026-09-30T08:50:20.382050-04:00,579.617949962616,10–9 min,20.0,1.2149,0.0851,SETTLEMENT
SOL,KXSOL15M-26SEP300915-15,2026-09-30T09:06:26.987237-04:00,513.0127630233765,9–8 min,25.0,4.4806,0.2694,SETTLEMENT
BTC,KXBTC15M-26SEP300945-45,2026-09-30T09:35:50.437419-04:00,549.5625810623169,10–9 min,20.0,2.2521,0.1479,SETTLEMENT
ETH,KXETH15M-26SEP300945-45,2026-09-30T09:36:02.501146-04:00,537.4988539218903,9–8 min,10.0,0.937,0.063,SETTLEMENT
SOL,KXSOL15M-26SEP300945-45,2026-09-30T09:37:08.477413-04:00,471.52258706092834,8–7 min,25.0,1.084,0.0776,SETTLEMENT
SOL,KXSOL15M-26SEP301015-15,2026-09-30T10:06:25.572343-04:00,514.4276568889618,9–8 min,25.0,-9.4541,0.7041,HARD_STOP
BTC,KXBTC15M-26SEP301015-15,2026-09-30T10:07:30.773140-04:00,449.2268600463867,8–7 min,20.0,3.5845,0.2155,SETTLEMENT
ETH,KXETH15M-26SEP301030-30,2026-09-30T10:22:28.607196-04:00,451.3928039073944,8–7 min,10.0,0.4573,0.0327,SETTLEMENT
BTC,KXBTC15M-26SEP301145-45,2026-09-30T11:37:24.357724-04:00,455.6422760486603,8–7 min,20.0,0.9335,0.0665,SETTLEMENT
DOGE,KXDOGE15M-26SEP301200-00,2026-09-30T11:50:31.785481-04:00,568.2145190238953,10–9 min,10.0,0.6168,0.0432,SETTLEMENT
BTC,KXBTC15M-26SEP301215-15,2026-09-30T12:05:02.746751-04:00,597.2532489299774,10–9 min,20.0,2.6314,0.1686,SETTLEMENT
DOGE,KXDOGE15M-26SEP301215-15,2026-09-30T12:06:09.661919-04:00,530.3380808830261,9–8 min,10.0,1.0314,0.0686,SETTLEMENT
XRP,KXXRP15M-26SEP301215-15,2026-09-30T12:06:49.503265-04:00,490.4967350959778,9–8 min,20.0,0.7649,0.0551,SETTLEMENT
HYPE,KXHYPE15M-26SEP301300-00,2026-09-30T12:51:00.507955-04:00,539.4920449256897,9–8 min,10.0,-4.9608,0.2108,HARD_STOP
BTC,KXBTC15M-26SEP301330-30,2026-09-30T13:20:10.079141-04:00,589.9208590984344,10–9 min,20.0,1.2336,0.0864,SETTLEMENT
BTC,KXBTC15M-26SEP301345-45,2026-09-30T13:36:38.017969-04:00,501.98203110694885,9–8 min,20.0,1.3088,0.0912,SETTLEMENT
ETH,KXETH15M-26SEP301345-45,2026-09-30T13:37:15.398466-04:00,464.6015338897705,8–7 min,10.0,0.4606,0.03288,SETTLEMENT
SOL,KXSOL15M-26SEP301415-15,2026-09-30T14:05:59.689596-04:00,540.3104040622711,10–9 min,25.0,4.3372,0.2628,SETTLEMENT
ETH,KXETH15M-26SEP301445-45,2026-09-30T14:37:41.562847-04:00,438.4371531009674,8–7 min,10.0,0.8143,0.0557,SETTLEMENT
BTC,KXBTC15M-26SEP301515-15,2026-09-30T15:05:40.092156-04:00,559.9078440666199,10–9 min,20.0,3.776,0.224,SETTLEMENT
SOL,KXSOL15M-26SEP301515-15,2026-09-30T15:06:12.830921-04:00,527.1690790653229,9–8 min,25.0,4.72,0.28,SETTLEMENT
ETH,KXETH15M-26SEP301545-45,2026-09-30T15:36:57.917080-04:00,482.0829200744629,9–8 min,10.0,0.6262,0.0438,SETTLEMENT
BTC,KXBTC15M-26SEP301545-45,2026-09-30T15:37:41.209446-04:00,438.79055404663086,8–7 min,20.0,1.2149,0.0851,SETTLEMENT
BTC,KXBTC15M-26SEP301600-00,2026-09-30T15:50:58.404225-04:00,541.5957748889923,10–9 min,20.0,1.723,0.11702,SETTLEMENT
ETH,KXETH15M-26SEP301600-00,2026-09-30T15:51:00.878481-04:00,539.1215190887451,9–8 min,10.0,0.7202,0.0498,SETTLEMENT
SOL,KXSOL15M-26SEP301600-00,2026-09-30T15:51:09.460897-04:00,530.5391030311584,9–8 min,25.0,1.3562,0.0958,SETTLEMENT
XRP,KXXRP15M-26SEP301600-00,2026-09-30T15:51:19.850932-04:00,520.1490681171417,9–8 min,20.0,0.763,0.055,SETTLEMENT
DOGE,KXDOGE15M-26SEP301600-00,2026-09-30T15:51:23.127449-04:00,516.8725509643555,9–8 min,10.0,0.4639,0.0331,SETTLEMENT
HYPE,KXHYPE15M-26SEP301615-15,2026-09-30T16:05:08.000716-04:00,591.999284029007,10–9 min,10.0,1.0088,0.0672,SETTLEMENT
DOGE,KXDOGE15M-26SEP301615-15,2026-09-30T16:05:14.423363-04:00,585.5766370296478,10–9 min,10.0,1.4107,0.0893,SETTLEMENT
DOGE,KXDOGE15M-26SEP301630-30,2026-09-30T16:21:18.607957-04:00,521.3920431137085,9–8 min,10.0,1.0314,0.0686,SETTLEMENT
ETH,KXETH15M-26SEP301630-30,2026-09-30T16:21:42.365402-04:00,497.6345980167389,9–8 min,10.0,0.8049,0.0551,SETTLEMENT
BTC,KXBTC15M-26SEP301645-45,2026-09-30T16:37:19.269564-04:00,460.73043608665466,8–7 min,20.0,1.6853,0.1147,SETTLEMENT
BTC,KXBTC15M-26SEP301715-15,2026-09-30T17:05:18.945831-04:00,581.0541689395905,10–9 min,20.0,3.776,0.224,SETTLEMENT
ETH,KXETH15M-26SEP301715-15,2026-09-30T17:06:33.796398-04:00,506.2036020755768,9–8 min,10.0,1.888,0.112,SETTLEMENT
SOL,KXSOL15M-26SEP301800-00,2026-09-30T17:51:34.563566-04:00,505.43643403053284,9–8 min,25.0,1.9116,0.1314,SETTLEMENT
XRP,KXXRP15M-26SEP301800-00,2026-09-30T17:51:56.357449-04:00,483.642550945282,9–8 min,20.0,-8.7364,0.4864,HARD_STOP
DOGE,KXDOGE15M-26SEP301800-00,2026-09-30T17:52:02.665216-04:00,477.3347840309143,8–7 min,10.0,0.7202,0.0498,SETTLEMENT
DOGE,KXDOGE15M-26SEP301815-15,2026-09-30T18:05:01.895870-04:00,598.1041300296783,10–9 min,10.0,0.8956,0.06057,SETTLEMENT
ETH,KXETH15M-26SEP301815-15,2026-09-30T18:06:01.516863-04:00,538.4831368923187,9–8 min,10.0,1.3157,0.0843,SETTLEMENT
SOL,KXSOL15M-26SEP301815-15,2026-09-30T18:06:24.514196-04:00,515.4858040809631,9–8 min,25.0,1.4998,0.1052,SETTLEMENT
BTC,KXBTC15M-26SEP301815-15,2026-09-30T18:06:30.503796-04:00,509.49620389938354,9–8 min,20.0,3.0118,0.1882,SETTLEMENT
ETH,KXETH15M-26SEP301830-30,2026-09-30T18:20:31.855182-04:00,568.1448180675507,10–9 min,10.0,0.645,0.045,SETTLEMENT
DOGE,KXDOGE15M-26SEP301830-30,2026-09-30T18:22:55.392077-04:00,424.60792303085327,8–7 min,10.0,0.4545,0.0325,SETTLEMENT
BTC,KXBTC15M-26SEP301900-00,2026-09-30T18:51:02.897783-04:00,537.1022169589996,9–8 min,20.0,2.4416,0.1584,SETTLEMENT
ETH,KXETH15M-26SEP301930-30,2026-09-30T19:21:37.907136-04:00,502.09286403656006,9–8 min,10.0,0.7899,0.0541,SETTLEMENT
BTC,KXBTC15M-26SEP302015-15,2026-09-30T20:06:08.449550-04:00,531.5504500865936,9–8 min,20.0,3.0118,0.1882,SETTLEMENT
XRP,KXXRP15M-26SEP302015-15,2026-09-30T20:06:58.957095-04:00,481.0429050922394,9–8 min,20.0,-5.7517,0.5517,HARD_STOP
ETH,KXETH15M-26SEP302015-15,2026-09-30T20:07:00.761586-04:00,479.23841404914856,8–7 min,10.0,1.3157,0.0843,SETTLEMENT
DOGE,KXDOGE15M-26SEP302130-30,2026-09-30T21:20:49.802962-04:00,550.197037935257,10–9 min,10.0,0.5581,0.03933,SETTLEMENT
BTC,KXBTC15M-26SEP302145-45,2026-09-30T21:35:39.407331-04:00,560.5926690101624,10–9 min,20.0,1.4593,0.1007,SETTLEMENT
SOL,KXSOL15M-26SEP302145-45,2026-09-30T21:36:16.255802-04:00,523.7441980838776,9–8 min,25.0,1.0498,0.0752,SETTLEMENT
ETH,KXETH15M-26SEP302145-45,2026-09-30T21:37:39.897156-04:00,440.10284399986267,8–7 min,10.0,0.4386,0.0314,SETTLEMENT
ETH,KXETH15M-26SEP302230-30,2026-09-30T22:20:06.486787-04:00,593.5132129192352,10–9 min,10.0,0.7183,0.0497,SETTLEMENT
BTC,KXBTC15M-26SEP302230-30,2026-09-30T22:20:22.710688-04:00,577.2893118858337,10–9 min,20.0,1.3088,0.0912,SETTLEMENT
HYPE,KXHYPE15M-26SEP302230-30,2026-09-30T22:21:02.668712-04:00,537.3312880992889,9–8 min,10.0,0.4536,0.0324,SETTLEMENT
HYPE,KXHYPE15M-26SEP302300-00,2026-09-30T22:52:08.540860-04:00,471.45914006233215,8–7 min,10.0,-3.7101,0.2311,HARD_STOP
SOL,KXSOL15M-26SEP302315-15,2026-09-30T23:05:10.789948-04:00,589.2100520133972,10–9 min,25.0,4.4806,0.2694,SETTLEMENT
XRP,KXXRP15M-26OCT010000-00,2026-09-30T23:51:20.739081-04:00,519.2609190940857,9–8 min,20.0,3.5845,0.2155,SETTLEMENT
BTC,KXBTC15M-26OCT010030-30,2026-10-01T00:20:50.784363-04:00,549.2156369686127,10–9 min,25.0,1.3309,0.0941,SETTLEMENT
ETH,KXETH15M-26OCT010045-45,2026-10-01T00:35:03.803034-04:00,596.1969659328461,10–9 min,10.0,-3.6419,0.2419,HARD_STOP
XRP,KXXRP15M-26OCT010100-00,2026-10-01T00:50:01.011406-04:00,598.9885940551758,10–9 min,20.0,1.3323,0.0927,SETTLEMENT
BTC,KXBTC15M-26OCT010100-00,2026-10-01T00:50:08.378754-04:00,591.621246099472,10–9 min,25.0,1.4961,0.10492,SETTLEMENT
SOL,KXSOL15M-26OCT010100-00,2026-10-01T00:50:18.434892-04:00,581.5651080608368,10–9 min,25.0,1.1434,0.0816,SETTLEMENT
ETH,KXETH15M-26OCT010100-00,2026-10-01T00:50:25.347790-04:00,574.6522099971771,10–9 min,10.0,0.3731,0.0269,SETTLEMENT
SOL,KXSOL15M-26OCT010145-45,2026-10-01T01:35:00.602478-04:00,599.3975219726562,10–9 min,25.0,2.4369,0.1631,SETTLEMENT
XRP,KXXRP15M-26OCT010145-45,2026-10-01T01:37:54.393167-04:00,425.6068329811096,8–7 min,20.0,1.5157,0.1043,SETTLEMENT
BTC,KXBTC15M-26OCT010200-00,2026-10-01T01:51:03.367659-04:00,536.6323409080505,9–8 min,25.0,2.5786,0.1714,SETTLEMENT
XRP,KXXRP15M-26OCT010230-30,2026-10-01T02:21:06.254995-04:00,533.7450048923492,9–8 min,15.0,-4.9623,0.4223,HARD_STOP
BTC,KXBTC15M-26OCT010245-45,2026-10-01T02:37:00.498116-04:00,479.50188398361206,8–7 min,25.0,1.0263,0.0737,SETTLEMENT
DOGE,KXDOGE15M-26OCT010300-00,2026-10-01T02:51:50.458275-04:00,489.5417249202728,9–8 min,15.0,0.5868,0.0422,SETTLEMENT
SOL,KXSOL15M-26OCT010615-15,2026-10-01T06:05:41.775278-04:00,558.2247219085693,10–9 min,25.0,1.0947,0.0783,SETTLEMENT
BTC,KXBTC15M-26OCT010615-15,2026-10-01T06:07:42.744514-04:00,437.2554860115051,8–7 min,25.0,1.0497,0.0753,SETTLEMENT
ETH,KXETH15M-26OCT010645-45,2026-10-01T06:37:13.685266-04:00,466.3147339820862,8–7 min,10.0,0.3731,0.0269,SETTLEMENT
DOGE,KXDOGE15M-26OCT010745-45,2026-10-01T07:37:28.721835-04:00,451.278165102005,8–7 min,15.0,0.8135,0.0575,SETTLEMENT
BTC,KXBTC15M-26OCT010945-45,2026-10-01T09:37:33.852010-04:00,446.147989988327,8–7 min,25.0,1.2606,0.0894,SETTLEMENT
ETH,KXETH15M-26OCT010945-45,2026-10-01T09:37:49.040725-04:00,430.9592750072479,8–7 min,10.0,0.5511,0.0389,SETTLEMENT
DOGE,KXDOGE15M-26OCT011015-15,2026-10-01T10:05:06.702914-04:00,593.2970860004425,10–9 min,15.0,0.9252,0.0648,SETTLEMENT
ETH,KXETH15M-26OCT011015-15,2026-10-01T10:05:12.402413-04:00,587.5975871086121,10–9 min,10.0,-4.0283,0.2183,HARD_STOP
BTC,KXBTC15M-26OCT011115-15,2026-10-01T11:05:28.234011-04:00,571.7659890651703,10–9 min,25.0,-10.0943,0.5943,HARD_STOP
BTC,KXBTC15M-26OCT011200-00,2026-10-01T11:50:00.698114-04:00,599.3018860816956,10–9 min,25.0,1.2371,0.0879,SETTLEMENT
ETH,KXETH15M-26OCT011200-00,2026-10-01T11:50:23.892238-04:00,576.1077620983124,10–9 min,10.0,0.3731,0.0269,SETTLEMENT
ETH,KXETH15M-26OCT011215-15,2026-10-01T12:06:42.597895-04:00,497.4021050930023,9–8 min,10.0,0.5136,0.0364,SETTLEMENT
BTC,KXBTC15M-26OCT011245-45,2026-10-01T12:35:01.838013-04:00,598.1619870662689,10–9 min,25.0,-9.9061,0.5561,HARD_STOP
ETH,KXETH15M-26OCT011245-45,2026-10-01T12:35:34.585155-04:00,565.4148449897766,10–9 min,10.0,-4.3166,0.2066,HARD_STOP
DOGE,KXDOGE15M-26OCT011245-45,2026-10-01T12:35:49.915070-04:00,550.0849299430847,10–9 min,15.0,-8.0252,0.3042,HARD_STOP
BTC,KXBTC15M-26OCT011315-15,2026-10-01T13:05:01.052468-04:00,598.9475319385529,10–9 min,25.0,1.8711,0.1289,SETTLEMENT
ETH,KXETH15M-26OCT011315-15,2026-10-01T13:05:15.892780-04:00,584.1072199344635,10–9 min,10.0,0.3824,0.0276,SETTLEMENT
XRP,KXXRP15M-26OCT011315-15,2026-10-01T13:06:42.241802-04:00,497.7581980228424,9–8 min,15.0,0.5596,0.0404,SETTLEMENT
BTC,KXBTC15M-26OCT011330-30,2026-10-01T13:20:01.322631-04:00,598.6773691177368,10–9 min,25.0,1.2137,0.0863,SETTLEMENT
ETH,KXETH15M-26OCT011330-30,2026-10-01T13:20:04.984723-04:00,595.0152769088745,10–9 min,10.0,0.6262,0.0438,SETTLEMENT
SOL,KXSOL15M-26OCT011330-30,2026-10-01T13:20:45.261934-04:00,554.7380659580231,10–9 min,25.0,1.0497,0.0753,SETTLEMENT
DOGE,KXDOGE15M-26OCT011330-30,2026-10-01T13:21:37.397448-04:00,502.60255193710327,9–8 min,15.0,0.5774,0.0416,SETTLEMENT
XRP,KXXRP15M-26OCT011330-30,2026-10-01T13:21:42.495074-04:00,497.5049259662628,9–8 min,15.0,0.7554,0.0536,SETTLEMENT
ETH,KXETH15M-26OCT011445-45,2026-10-01T14:35:18.934785-04:00,581.0652151107788,10–9 min,10.0,0.7767,0.0533,SETTLEMENT
BTC,KXBTC15M-26OCT011445-45,2026-10-01T14:35:22.706965-04:00,577.293035030365,10–9 min,25.0,2.2245,0.1505,SETTLEMENT
SOL,KXSOL15M-26OCT011445-45,2026-10-01T14:36:03.958909-04:00,536.041090965271,9–8 min,25.0,1.3656,0.0964,SETTLEMENT
BTC,KXBTC15M-26OCT011530-30,2026-10-01T15:22:48.678549-04:00,431.3214509487152,8–7 min,25.0,1.8712,0.1288,SETTLEMENT
DOGE,KXDOGE15M-26OCT011600-00,2026-10-01T15:51:09.632914-04:00,530.3670859336853,9–8 min,15.0,-7.1748,0.3148,HARD_STOP
BTC,KXBTC15M-26OCT011615-15,2026-10-01T16:05:00.950560-04:00,599.049439907074,10–9 min,25.0,2.0831,0.1419,SETTLEMENT
XRP,KXXRP15M-26OCT011645-45,2026-10-01T16:37:13.789879-04:00,466.2101209163666,8–7 min,15.0,0.8295,0.0585,SETTLEMENT
BTC,KXBTC15M-26OCT011645-45,2026-10-01T16:37:20.950583-04:00,459.0494170188904,8–7 min,25.0,3.5268,0.2232,SETTLEMENT
DOGE,KXDOGE15M-26OCT011645-45,2026-10-01T16:37:22.547754-04:00,457.45224595069885,8–7 min,15.0,1.0333,0.0717,SETTLEMENT
DOGE,KXDOGE15M-26OCT011745-45,2026-10-01T17:37:51.542475-04:00,428.4575250148773,8–7 min,15.0,0.686,0.049,SETTLEMENT
ETH,KXETH15M-26OCT011815-15,2026-10-01T18:05:13.926154-04:00,586.0738461017609,10–9 min,10.0,0.3918,0.0282,SETTLEMENT
BTC,KXBTC15M-26OCT011815-15,2026-10-01T18:05:21.389771-04:00,578.6102290153503,10–9 min,25.0,1.0732,0.0768,SETTLEMENT
ETH,KXETH15M-26OCT011900-00,2026-10-01T18:50:15.709874-04:00,584.2901260852814,10–9 min,10.0,-3.843,0.243,HARD_STOP
SOL,KXSOL15M-26OCT011900-00,2026-10-01T18:51:02.626012-04:00,537.3739879131317,9–8 min,25.0,-9.9361,0.5361,HARD_STOP
DOGE,KXDOGE15M-26OCT011900-00,2026-10-01T18:51:34.502546-04:00,505.4974539279938,9–8 min,15.0,-8.6644,0.3163,HARD_STOP
BTC,KXBTC15M-26OCT011930-30,2026-10-01T19:20:01.863585-04:00,598.1364150047302,10–9 min,25.0,2.3425,0.1575,SETTLEMENT
DOGE,KXDOGE15M-26OCT011930-30,2026-10-01T19:22:57.915782-04:00,422.0842180252075,8–7 min,15.0,0.9224,0.0646,SETTLEMENT
ETH,KXETH15M-26OCT011945-45,2026-10-01T19:35:22.497552-04:00,577.5024480819702,10–9 min,10.0,0.9001,0.0609,SETTLEMENT
BTC,KXBTC15M-26OCT011945-45,2026-10-01T19:35:26.025138-04:00,573.9748620986938,10–9 min,25.0,3.2893,0.2107,SETTLEMENT
BTC,KXBTC15M-26OCT012015-15,2026-10-01T20:05:02.193429-04:00,597.8065710067749,10–9 min,25.0,-15.4626,0.5126,HARD_STOP
BTC,KXBTC15M-26OCT012130-30,2026-10-01T21:20:50.529161-04:00,549.4708390235901,10–9 min,25.0,3.5268,0.2232,SETTLEMENT
SOL,KXSOL15M-26OCT012130-30,2026-10-01T21:21:23.219453-04:00,516.7805469036102,9–8 min,25.0,-15.0174,0.4894,HARD_STOP
ETH,KXETH15M-26OCT012130-30,2026-10-01T21:21:25.289846-04:00,514.7101540565491,9–8 min,10.0,0.5323,0.0377,SETTLEMENT
DOGE,KXDOGE15M-26OCT012130-30,2026-10-01T21:21:48.813662-04:00,491.18633794784546,9–8 min,15.0,0.686,0.049,SETTLEMENT
ETH,KXETH15M-26OCT012200-00,2026-10-01T21:50:38.336240-04:00,561.6637599468231,10–9 min,10.0,0.8238,0.0562,SETTLEMENT
BTC,KXBTC15M-26OCT012200-00,2026-10-01T21:50:43.256436-04:00,556.7435638904572,10–9 min,25.0,1.7535,0.1215,SETTLEMENT
SOL,KXSOL15M-26OCT012200-00,2026-10-01T21:50:56.001345-04:00,543.9986550807953,10–9 min,25.0,1.559,0.109,SETTLEMENT
XRP,KXXRP15M-26OCT012200-00,2026-10-01T21:51:52.431942-04:00,487.568058013916,9–8 min,15.0,0.6017,0.0433,SETTLEMENT
ETH,KXETH15M-26OCT012230-30,2026-10-01T22:21:42.786945-04:00,497.213054895401,9–8 min,10.0,0.4058,0.0292,SETTLEMENT
BTC,KXBTC15M-26OCT012230-30,2026-10-01T22:22:00.805626-04:00,479.19437408447266,8–7 min,25.0,0.9328,0.0672,SETTLEMENT
SOL,KXSOL15M-26OCT012300-00,2026-10-01T22:50:00.539698-04:00,599.4603021144867,10–9 min,25.0,1.0123,0.0727,SETTLEMENT
ETH,KXETH15M-26OCT012300-00,2026-10-01T22:50:07.226806-04:00,592.7731940746307,10–9 min,10.0,0.4292,0.0308,SETTLEMENT
BTC,KXBTC15M-26OCT012300-00,2026-10-01T22:50:18.280179-04:00,581.7198209762573,10–9 min,25.0,2.3425,0.1575,SETTLEMENT
HYPE,KXHYPE15M-26OCT012300-00,2026-10-01T22:50:38.884609-04:00,561.1153910160065,10–9 min,10.0,0.4695,0.0335,SETTLEMENT
DOGE,KXDOGE15M-26OCT012300-00,2026-10-01T22:50:40.091742-04:00,559.9082579612732,10–9 min,15.0,0.8304,0.0586,SETTLEMENT
DOGE,KXDOGE15M-26OCT012315-15,2026-10-01T23:05:01.021551-04:00,598.9784491062164,10–9 min,15.0,-4.6159,0.4159,HARD_STOP
BTC,KXBTC15M-26OCT012315-15,2026-10-01T23:05:04.885551-04:00,595.1144490242004,10–9 min,25.0,2.1302,0.1448,SETTLEMENT
BTC,KXBTC15M-26OCT012345-45,2026-10-01T23:35:33.323996-04:00,566.6760039329529,10–9 min,25.0,1.8476,0.1274,SETTLEMENT
ETH,KXETH15M-26OCT012345-45,2026-10-01T23:36:03.981221-04:00,536.0187790393829,9–8 min,10.0,-4.7145,0.2145,HARD_STOP
ETH,KXETH15M-26OCT020030-30,2026-10-02T00:20:00.597036-04:00,599.4029641151428,10–9 min,10.0,0.5792,0.0408,SETTLEMENT
XRP,KXXRP15M-26OCT020030-30,2026-10-02T00:20:32.679435-04:00,567.3205649852753,10–9 min,15.0,0.7282,0.0518,SETTLEMENT
SOL,KXSOL15M-26OCT020030-30,2026-10-02T00:20:34.108515-04:00,565.8914849758148,10–9 min,25.0,1.8006,0.1244,SETTLEMENT
HYPE,KXHYPE15M-26OCT020030-30,2026-10-02T00:21:04.508540-04:00,535.4914600849152,9–8 min,10.0,0.4854,0.0346,SETTLEMENT
BTC,KXBTC15M-26OCT020045-45,2026-10-02T00:37:01.525774-04:00,478.4742259979248,8–7 min,25.0,1.0497,0.0753,SETTLEMENT
DOGE,KXDOGE15M-26OCT020045-45,2026-10-02T00:37:30.463585-04:00,449.53641510009766,8–7 min,15.0,-5.8346,0.3646,HARD_STOP
DOGE,KXDOGE15M-26OCT020115-15,2026-10-02T01:05:10.473959-04:00,589.5260410308838,10–9 min,15.0,1.2612,0.08585,SETTLEMENT
ETH,KXETH15M-26OCT020115-15,2026-10-02T01:06:00.889604-04:00,539.1103959083557,9–8 min,10.0,0.6356,0.0444,SETTLEMENT
BTC,KXBTC15M-26OCT020145-45,2026-10-02T01:37:05.136133-04:00,474.86386704444885,8–7 min,25.0,1.8712,0.1288,SETTLEMENT
DOGE,KXDOGE15M-26OCT020230-30,2026-10-02T02:22:16.393502-04:00,463.606498003006,8–7 min,15.0,2.1161,0.1339,SETTLEMENT
ETH,KXETH15M-26OCT020330-30,2026-10-02T03:21:01.098582-04:00,538.9014179706573,9–8 min,10.0,0.598,0.042,SETTLEMENT
SOL,KXSOL15M-26OCT020330-30,2026-10-02T03:21:02.533565-04:00,537.4664349555969,9–8 min,25.0,1.7997,0.1243,SETTLEMENT
BTC,KXBTC15M-26OCT020415-15,2026-10-02T04:06:41.744574-04:00,498.2554259300232,9–8 min,25.0,1.0263,0.0737,SETTLEMENT
BTC,KXBTC15M-26OCT020430-30,2026-10-02T04:21:19.205400-04:00,520.7946000099182,9–8 min,25.0,0.9328,0.0672,SETTLEMENT
BTC,KXBTC15M-26OCT020545-45,2026-10-02T05:35:00.264319-04:00,599.7356810569763,10–9 min,25.0,1.2371,0.0879,SETTLEMENT
ETH,KXETH15M-26OCT020630-30,2026-10-02T06:22:57.562253-04:00,422.43774700164795,8–7 min,10.0,-4.3983,0.2283,HARD_STOP
DOGE,KXDOGE15M-26OCT020645-45,2026-10-02T06:36:05.126016-04:00,534.8739840984344,9–8 min,15.0,2.1161,0.1339,SETTLEMENT
DOGE,KXDOGE15M-26OCT020700-00,2026-10-02T06:50:02.633130-04:00,597.3668699264526,10–9 min,15.0,2.4018,0.1482,SETTLEMENT
ETH,KXETH15M-26OCT020700-00,2026-10-02T06:50:12.061254-04:00,587.9387459754944,10–9 min,10.0,0.4667,0.0333,SETTLEMENT
BTC,KXBTC15M-26OCT020700-00,2026-10-02T06:50:22.037356-04:00,577.9626441001892,10–9 min,25.0,2.0359,0.1391,SETTLEMENT
ETH,KXETH15M-26OCT020745-45,2026-10-02T07:35:13.220498-04:00,586.779501914978,10–9 min,10.0,0.7955,0.0545,SETTLEMENT
BTC,KXBTC15M-26OCT020745-45,2026-10-02T07:37:06.738179-04:00,473.26182103157043,8–7 min,25.0,2.3425,0.1575,SETTLEMENT
BTC,KXBTC15M-26OCT020800-00,2026-10-02T07:52:28.590691-04:00,451.4093089103699,8–7 min,25.0,-14.3909,0.5409,HARD_STOP
BTC,KXBTC15M-26OCT020830-30,2026-10-02T08:20:28.785267-04:00,571.2147328853607,10–9 min,25.0,1.4013,0.0987,SETTLEMENT
DOGE,KXDOGE15M-26OCT020845-45,2026-10-02T08:37:07.718473-04:00,472.2815270423889,8–7 min,15.0,-8.655,0.355,HARD_STOP
DOGE,KXDOGE15M-26OCT020900-00,2026-10-02T08:50:03.195785-04:00,596.8042149543762,10–9 min,15.0,1.8312,0.1188,SETTLEMENT
ETH,KXETH15M-26OCT020945-45,2026-10-02T09:35:01.064501-04:00,598.9354989528656,10–9 min,10.0,0.4011,0.0289,SETTLEMENT
SOL,KXSOL15M-26OCT020945-45,2026-10-02T09:35:02.624519-04:00,597.375480890274,10–9 min,25.0,1.2841,0.09098,SETTLEMENT
BTC,KXBTC15M-26OCT020945-45,2026-10-02T09:35:05.781934-04:00,594.2180659770966,10–9 min,25.0,1.4013,0.0987,SETTLEMENT
XRP,KXXRP15M-26OCT020945-45,2026-10-02T09:36:13.128907-04:00,526.8710930347443,9–8 min,15.0,0.6439,0.0461,SETTLEMENT
ETH,KXETH15M-26OCT021000-00,2026-10-02T09:52:01.690260-04:00,478.3097400665283,8–7 min,10.0,0.4761,0.0339,SETTLEMENT
BTC,KXBTC15M-26OCT021045-45,2026-10-02T10:35:02.087834-04:00,597.9121661186218,10–9 min,25.0,2.8152,0.1848,SETTLEMENT
BTC,KXBTC15M-26OCT021115-15,2026-10-02T11:05:47.855669-04:00,552.1443309783936,10–9 min,25.0,4.4806,0.2694,SETTLEMENT
BNB,KXBNB15M-26OCT021115-15,2026-10-02T11:06:10.911470-04:00,529.0885300636292,9–8 min,10.0,-3.1862,0.2562,HARD_STOP
BTC,KXBTC15M-26OCT021130-30,2026-10-02T11:22:46.287275-04:00,433.7127249240875,8–7 min,25.0,4.72,0.28,SETTLEMENT
ETH,KXETH15M-26OCT021145-45,2026-10-02T11:36:50.050770-04:00,489.9492299556732,9–8 min,10.0,1.6966,0.1034,SETTLEMENT
SOL,KXSOL15M-26OCT021145-45,2026-10-02T11:37:48.906483-04:00,431.0935170650482,8–7 min,25.0,-5.6858,0.6858,HARD_STOP
XRP,KXXRP15M-26OCT021215-15,2026-10-02T12:05:01.637455-04:00,598.3625450134277,10–9 min,15.0,-5.0674,0.4174,HARD_STOP
SOL,KXSOL15M-26OCT021215-15,2026-10-02T12:05:04.090305-04:00,595.9096949100494,10–9 min,25.0,-9.8855,0.6355,HARD_STOP
ETH,KXETH15M-26OCT021215-15,2026-10-02T12:05:10.940515-04:00,589.0594849586487,10–9 min,10.0,-3.7484,0.2484,HARD_STOP
DOGE,KXDOGE15M-26OCT021215-15,2026-10-02T12:05:13.299609-04:00,586.7003910541534,10–9 min,15.0,-5.0674,0.4174,HARD_STOP
BTC,KXBTC15M-26OCT021215-15,2026-10-02T12:05:14.939113-04:00,585.0608870983124,10–9 min,25.0,-9.1359,0.5859,HARD_STOP
BNB,KXBNB15M-26OCT021215-15,2026-10-02T12:07:00.936869-04:00,479.0631310939789,8–7 min,10.0,-4.0001,0.2201,HARD_STOP
HYPE,KXHYPE15M-26OCT021230-30,2026-10-02T12:22:53.533623-04:00,426.4663770198822,8–7 min,10.0,-3.4165,0.2765,HARD_STOP
BTC,KXBTC15M-26OCT021430-30,2026-10-02T14:20:10.377623-04:00,589.6223769187927,10–9 min,25.0,2.5786,0.1714,SETTLEMENT
SOL,KXSOL15M-26OCT021430-30,2026-10-02T14:20:19.597367-04:00,580.4026329517365,10–9 min,25.0,0.9533,0.0687,SETTLEMENT
ETH,KXETH15M-26OCT021430-30,2026-10-02T14:21:00.771778-04:00,539.2282218933105,9–8 min,10.0,0.5323,0.0377,SETTLEMENT
BTC,KXBTC15M-26OCT021445-45,2026-10-02T14:35:17.580759-04:00,582.4192409515381,10–9 min,25.0,2.5786,0.1714,SETTLEMENT
ETH,KXETH15M-26OCT021445-45,2026-10-02T14:35:25.643462-04:00,574.3565380573273,10–9 min,10.0,-3.4689,0.2689,HARD_STOP
DOGE,KXDOGE15M-26OCT021445-45,2026-10-02T14:36:26.996437-04:00,513.0035629272461,9–8 min,10.0,0.389,0.028,SETTLEMENT
BTC,KXBTC15M-26OCT021615-15,2026-10-02T16:06:27.850346-04:00,512.1496539115906,9–8 min,25.0,1.8711,0.1289,SETTLEMENT
DOGE,KXDOGE15M-26OCT021715-15,2026-10-02T17:05:05.562621-04:00,594.4373788833618,10–9 min,10.0,1.3157,0.0843,SETTLEMENT
ETH,KXETH15M-26OCT021715-15,2026-10-02T17:05:12.514866-04:00,587.4851338863373,10–9 min,10.0,1.888,0.112,SETTLEMENT
SOL,KXSOL15M-26OCT021715-15,2026-10-02T17:05:16.224809-04:00,583.7751910686493,10–9 min,25.0,4.2894,0.2606,SETTLEMENT
SOL,KXSOL15M-26OCT021745-45,2026-10-02T17:35:20.650727-04:00,579.3492729663849,10–9 min,25.0,2.5295,0.1685,SETTLEMENT
DOGE,KXDOGE15M-26OCT021745-45,2026-10-02T17:35:52.612483-04:00,547.3875169754028,10–9 min,10.0,0.5999,0.0421,SETTLEMENT
BTC,KXBTC15M-26OCT021745-45,2026-10-02T17:37:54.114374-04:00,425.885626077652,8–7 min,25.0,2.8152,0.1848,SETTLEMENT
XRP,KXXRP15M-26OCT021800-00,2026-10-02T17:52:37.416386-04:00,442.58361411094666,8–7 min,15.0,1.5472,0.1028,SETTLEMENT
HYPE,KXHYPE15M-26OCT021830-30,2026-10-02T18:20:01.174966-04:00,598.825033903122,10–9 min,10.0,0.5042,0.0358,SETTLEMENT
ETH,KXETH15M-26OCT021900-00,2026-10-02T18:52:27.468788-04:00,452.5312120914459,8–7 min,10.0,0.8473,0.0577,SETTLEMENT
DOGE,KXDOGE15M-26OCT021930-30,2026-10-02T19:20:52.838956-04:00,547.16104388237,10–9 min,10.0,0.6168,0.0432,SETTLEMENT
ETH,KXETH15M-26OCT022015-15,2026-10-02T20:05:01.177733-04:00,598.8222670555115,10–9 min,10.0,-3.6504,0.2204,HARD_STOP
BTC,KXBTC15M-26OCT022015-15,2026-10-02T20:05:10.740714-04:00,589.2592859268188,10–9 min,25.0,-8.9345,0.6845,HARD_STOP
BTC,KXBTC15M-26OCT022045-45,2026-10-02T20:35:00.916066-04:00,599.0839340686798,10–9 min,25.0,3.5268,0.2232,SETTLEMENT
ETH,KXETH15M-26OCT022045-45,2026-10-02T20:35:09.493917-04:00,590.5060830116272,10–9 min,10.0,0.724,0.05,SETTLEMENT
XRP,KXXRP15M-26OCT022045-45,2026-10-02T20:36:55.436691-04:00,484.5633089542389,9–8 min,15.0,-6.086,0.396,HARD_STOP
ETH,KXETH15M-26OCT022100-00,2026-10-02T20:52:08.612815-04:00,471.3871850967407,8–7 min,10.0,0.9275,0.0625,SETTLEMENT
HYPE,KXHYPE15M-26OCT022215-15,2026-10-02T22:06:38.463995-04:00,501.5360050201416,9–8 min,10.0,0.6037,0.0423,SETTLEMENT
ETH,KXETH15M-26OCT022215-15,2026-10-02T22:06:40.910737-04:00,499.0892629623413,9–8 min,10.0,0.5117,0.0363,SETTLEMENT
BTC,KXBTC15M-26OCT022230-30,2026-10-02T22:20:54.389356-04:00,545.6106441020966,10–9 min,25.0,2.8152,0.1848,SETTLEMENT
