atr,trades,pnl,max_drawdown,wins,losses,stops
1.35,9,-1.5477,6.9203,7,2,2
1.3,10,-1.6461,6.9203,8,2,2
1.4,9,-1.8715,6.9203,7,2,2
1.45,6,-3.1611,6.9203,4,2,2
1.5,5,-3.63,6.9203,3,2,2
1.55,4,-4.1923,6.9203,2,2,2
1.6,3,-5.2237,6.9203,1,2,2
1.65,3,-5.2237,6.9203,1,2,2
1.7,3,-5.2237,6.9203,1,2,2
1.15,20,-5.2338,6.9203,16,4,4
1.25,12,-5.6183,6.9203,9,3,3
1.2,19,-6.6143,6.9203,15,4,4
1.85,2,-6.8249,6.8249,0,2,2
1.9,2,-6.8249,6.8249,0,2,2
1.95,2,-6.8249,6.8249,0,2,2
2.0,2,-6.8249,6.8249,0,2,2
1.75,2,-6.9203,6.9203,0,2,2
1.8,2,-6.9203,6.9203,0,2,2
1.05,29,-8.2266,11.2543,23,6,6
1.1,23,-9.245,10.4009,18,5,5
1.0,34,-13.8234,14.2245,26,8,8
0.5,60,-16.1909,28.5373,40,20,20
0.8,48,-19.9469,21.5594,36,12,12
0.6,59,-21.8286,30.6274,41,18,18
0.55,60,-22.6609,28.6322,40,20,20
0.75,50,-23.3095,25.0987,36,14,14
0.95,37,-23.9372,24.4414,27,10,10
0.85,45,-25.1977,26.659,33,12,12
0.65,58,-27.9351,32.3895,40,18,18
0.7,56,-28.6829,31.2973,39,17,17
0.9,40,-31.3318,31.8079,28,12,12
