asset,market,archived,entry_time_et,entry_timestamp,seconds_remaining,side,contracts,cost,fees,net_pnl,status,exit_reason,close_timestamp
BTC,KXBTC15M-26SEP180300-00,True,2026-09-18T02:52:22.917112-04:00,1789714342.917112,457.0828878879547,no,10.00,8.100000,0.114900,1.685100,CLOSED,,1789714800.0
XRP,KXXRP15M-26SEP180800-00,True,2026-09-18T07:52:00.882048-04:00,1789732320.882048,479.1179521083832,yes,10.00,9.055000,0.066900,0.778100,CLOSED,,1789732800.0
BTC,KXBTC15M-26SEP181100-00,True,2026-09-18T10:52:03.895086-04:00,1789743123.895086,476.10491394996643,yes,10.00,8.300000,0.105800,1.494200,CLOSED,,1789743600.0
BTC,KXBTC15M-26SEP181115-15,True,2026-09-18T11:07:31.925912-04:00,1789744051.925912,448.07408809661865,no,10.00,8.000000,0.118300,1.791700,CLOSED,,1789744500.0
BTC,KXBTC15M-26SEP181130-30,True,2026-09-18T11:22:03.149638-04:00,1789744923.149638,476.8503620624542,yes,10.00,8.200000,0.110400,1.589600,CLOSED,,1789745400.0
BTC,KXBTC15M-26SEP181215-15,True,2026-09-18T12:07:03.706750-04:00,1789747623.70675,476.29325008392334,yes,10.00,8.900000,0.075420,0.926600,CLOSED,,1789748100.0
BTC,KXBTC15M-26SEP181300-00,True,2026-09-18T12:52:12.005757-04:00,1789750332.005757,467.99424290657043,no,10.00,8.300000,0.103000,1.537000,CLOSED,,1789750800.0
BTC,KXBTC15M-26SEP181330-30,True,2026-09-18T13:22:29.651272-04:00,1789752149.651272,450.34872794151306,no,10.00,8.300000,0.105800,1.494200,CLOSED,,1789752600.0
XRP,KXXRP15M-26SEP190100-00,True,2026-09-19T00:52:08.458084-04:00,1789793528.458084,471.5419158935547,yes,10.00,8.100000,0.269100,-1.969100,CLOSED,,1789794000.0
ETH,KXETH15M-26SEP190100-00,True,2026-09-19T00:52:22.161840-04:00,1789793542.16184,457.8381600379944,yes,10.00,8.100000,0.107800,1.692200,CLOSED,,1789794000.0
SOL,KXSOL15M-26SEP190230-30,True,2026-09-19T02:22:48.010796-04:00,1789798968.010796,431.9892039299011,no,10.00,8.800000,0.074000,1.026000,CLOSED,,1789799400.0
SOL,KXSOL15M-26SEP190245-45,True,2026-09-19T02:37:01.705116-04:00,1789799821.705116,478.2948839664459,yes,10.00,9.670000,0.022400,0.207600,CLOSED,,1789800300.0
XRP,KXXRP15M-26SEP190245-45,True,2026-09-19T02:37:03.431559-04:00,1789799823.431559,476.56844091415405,yes,10.00,9.700000,0.020400,0.179600,CLOSED,,1789800300.0
BTC,KXBTC15M-26SEP190245-45,True,2026-09-19T02:37:12.117228-04:00,1789799832.117228,467.88277196884155,yes,10.00,9.370000,0.041400,0.488600,CLOSED,,1789800300.0
XRP,KXXRP15M-26SEP190300-00,True,2026-09-19T02:52:00.834975-04:00,1789800720.834975,479.16502499580383,no,10.00,9.230000,0.049800,0.620200,CLOSED,,1789801200.0
XRP,KXXRP15M-26SEP190315-15,True,2026-09-19T03:07:11.982769-04:00,1789801631.982769,468.0172309875488,no,10.00,9.160000,0.227800,-3.987800,CLOSED,,1789802100.0
SOL,KXSOL15M-26SEP190345-45,True,2026-09-19T03:37:01.024573-04:00,1789803421.024573,478.97542691230774,no,10.00,8.900000,0.068600,0.931400,CLOSED,,1789803900.0
XRP,KXXRP15M-26SEP190345-45,True,2026-09-19T03:37:23.027846-04:00,1789803443.027846,456.97215390205383,no,10.00,9.335000,0.043500,0.521500,CLOSED,,1789803900.0
SOL,KXSOL15M-26SEP201400-00,True,2026-09-20T13:52:00.971525-04:00,1789926720.971525,479.02847504615784,no,10.00,8.100000,0.107800,1.692200,CLOSED,,1789927200.0
XRP,KXXRP15M-26SEP201400-00,True,2026-09-20T13:52:05.455229-04:00,1789926725.455229,474.54477095603943,no,10.00,8.100000,0.107800,1.692200,CLOSED,,1789927200.0
ETH,KXETH15M-26SEP201400-00,True,2026-09-20T13:52:10.273715-04:00,1789926730.273715,469.7262849807739,no,10.00,8.300000,0.098800,1.501200,CLOSED,,1789927200.0
BTC,KXBTC15M-26SEP201400-00,True,2026-09-20T13:52:15.421104-04:00,1789926735.421104,464.5788960456848,no,10.00,8.400000,0.094100,1.405900,CLOSED,,1789927200.0
SOL,KXSOL15M-26SEP201430-30,True,2026-09-20T14:22:01.166706-04:00,1789928521.166706,478.8332939147949,yes,10.00,9.616000,0.025900,0.258100,CLOSED,,1789929000.0
BTC,KXBTC15M-26SEP201430-30,True,2026-09-20T14:22:05.552056-04:00,1789928525.552056,474.44794392585754,yes,10.00,9.180000,0.052700,0.667300,CLOSED,,1789929000.0
XRP,KXXRP15M-26SEP201430-30,True,2026-09-20T14:22:24.043478-04:00,1789928544.043478,455.95652198791504,yes,10.00,9.660000,0.023000,0.217000,CLOSED,,1789929000.0
ETH,KXETH15M-26SEP201430-30,True,2026-09-20T14:22:28.945803-04:00,1789928548.945803,451.0541970729828,yes,10.00,9.615000,0.026000,0.259000,CLOSED,,1789929000.0
SOL,KXSOL15M-26SEP201445-45,True,2026-09-20T14:37:01.011745-04:00,1789929421.011745,478.9882550239563,no,10.00,9.610000,0.026300,0.263700,CLOSED,,1789929900.0
ETH,KXETH15M-26SEP201500-00,True,2026-09-20T14:52:00.927973-04:00,1789930320.927973,479.0720269680023,no,10.00,9.700000,0.020400,0.179600,CLOSED,,1789930800.0
XRP,KXXRP15M-26SEP201500-00,True,2026-09-20T14:52:03.137692-04:00,1789930323.137692,476.8623080253601,no,10.00,9.370000,0.041400,0.488600,CLOSED,,1789930800.0
SOL,KXSOL15M-26SEP201500-00,True,2026-09-20T14:52:08.921709-04:00,1789930328.921709,471.07829093933105,no,10.00,9.700000,0.020400,0.179600,CLOSED,,1789930800.0
BTC,KXBTC15M-26SEP201500-00,True,2026-09-20T14:52:14.323157-04:00,1789930334.323157,465.67684292793274,no,10.00,9.350000,0.042600,0.507400,CLOSED,,1789930800.0
SOL,KXSOL15M-26SEP201515-15,True,2026-09-20T15:07:56.480504-04:00,1789931276.480504,423.5194959640503,yes,10.00,9.220000,0.050400,0.629600,CLOSED,,1789931700.0
XRP,KXXRP15M-26SEP201530-30,True,2026-09-20T15:22:43.516528-04:00,1789932163.516528,436.48347210884094,no,10.00,9.077500,0.058700,0.763800,CLOSED,,1789932600.0
SOL,KXSOL15M-26SEP201545-45,True,2026-09-20T15:37:00.863056-04:00,1789933020.863056,479.13694405555725,yes,10.00,9.700000,0.020400,0.179600,CLOSED,,1789933500.0
BTC,KXBTC15M-26SEP201545-45,True,2026-09-20T15:37:05.645712-04:00,1789933025.645712,474.3542881011963,yes,10.00,9.580000,0.028200,0.291800,CLOSED,,1789933500.0
ETH,KXETH15M-26SEP201545-45,True,2026-09-20T15:37:16.542654-04:00,1789933036.542654,463.4573459625244,yes,10.00,9.690000,0.021100,0.188900,CLOSED,,1789933500.0
SOL,KXSOL15M-26SEP201600-00,True,2026-09-20T15:52:01.693783-04:00,1789933921.693783,478.30621695518494,yes,10.00,9.122560,0.056040,0.721400,CLOSED,,1789934400.0
SOL,KXSOL15M-26SEP201645-45,True,2026-09-20T16:37:00.865955-04:00,1789936620.865955,479.1340448856354,no,10.00,9.060000,0.059700,0.780300,CLOSED,,1789937100.0
XRP,KXXRP15M-26SEP201645-45,True,2026-09-20T16:37:03.125599-04:00,1789936623.125599,476.8744010925293,no,10.00,9.550000,0.030100,0.319900,CLOSED,,1789937100.0
ETH,KXETH15M-26SEP201645-45,True,2026-09-20T16:37:08.765772-04:00,1789936628.765772,471.2342278957367,no,10.00,9.502000,0.036700,0.411300,CLOSED,,1789937100.0
BTC,KXBTC15M-26SEP201645-45,True,2026-09-20T16:37:13.541537-04:00,1789936633.541537,466.4584629535675,no,10.00,8.800000,0.074000,1.026000,CLOSED,,1789937100.0
XRP,KXXRP15M-26SEP201745-45,True,2026-09-20T17:37:01.575881-04:00,1789940221.575881,478.4241189956665,yes,10.00,8.900000,0.241100,-3.541100,CLOSED,,1789940700.0
XRP,KXXRP15M-26SEP201800-00,True,2026-09-20T17:52:00.943568-04:00,1789941120.943568,479.0564320087433,yes,10.00,9.164500,0.053700,0.681800,CLOSED,,1789941600.0
SOL,KXSOL15M-26SEP201800-00,True,2026-09-20T17:52:05.624984-04:00,1789941125.624984,474.3750159740448,yes,10.00,9.300000,0.045600,0.554400,CLOSED,,1789941600.0
ETH,KXETH15M-26SEP201800-00,True,2026-09-20T17:52:09.746233-04:00,1789941129.746233,470.2537670135498,yes,10.00,9.510000,0.032700,0.357300,CLOSED,,1789941600.0
BTC,KXBTC15M-26SEP201800-00,True,2026-09-20T17:52:14.550186-04:00,1789941134.550186,465.449814081192,yes,10.00,9.120000,0.061800,0.738200,CLOSED,,1789941600.0
XRP,KXXRP15M-26SEP201815-15,True,2026-09-20T18:07:19.466832-04:00,1789942039.466832,460.5331680774689,yes,10.00,9.260000,0.048000,0.592000,CLOSED,,1789942500.0
ETH,KXETH15M-26SEP201815-15,True,2026-09-20T18:07:44.425009-04:00,1789942064.425009,435.5749909877777,yes,10.00,9.583260,0.028040,0.288700,CLOSED,,1789942500.0
ETH,KXETH15M-26SEP201915-15,True,2026-09-20T19:07:01.877977-04:00,1789945621.877977,478.12202310562134,no,10.00,9.310000,0.051300,0.548700,CLOSED,,1789946100.0
XRP,KXXRP15M-26SEP201945-45,True,2026-09-20T19:37:42.005723-04:00,1789947462.005723,437.99427700042725,yes,10.00,9.217500,0.050500,0.632000,CLOSED,,1789947900.0
SOL,KXSOL15M-26SEP202015-15,True,2026-09-20T20:07:02.479033-04:00,1789949222.479033,477.52096700668335,yes,10.00,9.660000,0.023000,0.217000,CLOSED,,1789949700.0
BTC,KXBTC15M-26SEP202015-15,True,2026-09-20T20:07:07.597883-04:00,1789949227.597883,472.4021170139313,yes,10.00,9.420000,0.038300,0.441700,CLOSED,,1789949700.0
ETH,KXETH15M-26SEP272100-00,False,2026-09-27T20:52:39.619530-04:00,1790556759.61953,440.3804700374603,yes,10.00,9.600000,0.200800,-4.400800,CLOSED,HARD_STOP,1790557200.0
SOL,KXSOL15M-26SEP272230-30,False,2026-09-27T22:22:00.425735-04:00,1790562120.425735,479.57426500320435,no,15.00,14.145000,0.056500,0.798500,CLOSED,SETTLEMENT,1790562600.0
ETH,KXETH15M-26SEP272230-30,False,2026-09-27T22:22:07.393088-04:00,1790562127.393088,472.6069118976593,no,10.00,9.300000,0.045600,0.654400,CLOSED,SETTLEMENT,1790562600.0
BTC,KXBTC15M-26SEP272230-30,False,2026-09-27T22:22:54.834871-04:00,1790562174.834871,425.1651289463043,no,15.00,13.905000,0.071100,1.023900,CLOSED,SETTLEMENT,1790562600.0
ETH,KXETH15M-26SEP272315-15,False,2026-09-27T23:07:43.345971-04:00,1790564863.345971,436.6540288925171,yes,10.00,9.000000,0.063000,0.937000,CLOSED,SETTLEMENT,1790565300.0
ETH,KXETH15M-26SEP280145-45,False,2026-09-28T01:37:00.283233-04:00,1790573820.283233,479.7167670726776,no,10.00,9.450000,0.210300,-5.060300,CLOSED,HARD_STOP,1790574300.0
DOGE,KXDOGE15M-26SEP280145-45,False,2026-09-28T01:37:01.015508-04:00,1790573821.015508,478.98449206352234,no,10.00,9.540000,0.030800,0.429200,CLOSED,SETTLEMENT,1790574300.0
BTC,KXBTC15M-26SEP280145-45,False,2026-09-28T01:37:02.177461-04:00,1790573822.177461,477.82253909111023,no,15.00,14.280000,0.307900,-7.837900,CLOSED,HARD_STOP,1790574300.0
SOL,KXSOL15M-26SEP280230-30,False,2026-09-28T02:22:00.314653-04:00,1790576520.314653,479.6853470802307,no,15.00,14.093000,0.059700,0.847300,CLOSED,SETTLEMENT,1790577000.0
DOGE,KXDOGE15M-26SEP280230-30,False,2026-09-28T02:22:01.428296-04:00,1790576521.428296,478.57170391082764,no,10.00,9.460000,0.035800,0.504200,CLOSED,SETTLEMENT,1790577000.0
BNB,KXBNB15M-26SEP280230-30,False,2026-09-28T02:22:02.380084-04:00,1790576522.380084,477.61991596221924,no,10.00,9.561000,0.029400,0.409600,CLOSED,SETTLEMENT,1790577000.0
ETH,KXETH15M-26SEP280230-30,False,2026-09-28T02:22:24.497991-04:00,1790576544.497991,455.5020089149475,no,10.00,9.250000,0.048600,0.701400,CLOSED,SETTLEMENT,1790577000.0
HYPE,KXHYPE15M-26SEP280300-00,False,2026-09-28T02:52:00.201206-04:00,1790578320.201206,479.7987940311432,no,10.00,9.600000,0.026900,0.373100,CLOSED,SETTLEMENT,1790578800.0
ETH,KXETH15M-26SEP280500-00,False,2026-09-28T04:52:00.306655-04:00,1790585520.306655,479.69334506988525,yes,10.00,9.474000,0.034900,0.491100,CLOSED,SETTLEMENT,1790586000.0
BTC,KXBTC15M-26SEP280515-15,False,2026-09-28T05:07:06.851970-04:00,1790586426.85197,473.1480300426483,no,15.00,14.385000,0.041300,0.573700,CLOSED,SETTLEMENT,1790586900.0
ETH,KXETH15M-26SEP280545-45,False,2026-09-28T05:37:00.344875-04:00,1790588220.344875,479.6551249027252,no,10.00,9.404000,0.039300,0.556700,CLOSED,SETTLEMENT,1790588700.0
BTC,KXBTC15M-26SEP280545-45,False,2026-09-28T05:37:07.690378-04:00,1790588227.690378,472.30962204933167,no,15.00,13.530000,0.092900,1.377100,CLOSED,SETTLEMENT,1790588700.0
BTC,KXBTC15M-26SEP280615-15,False,2026-09-28T06:07:00.323968-04:00,1790590020.323968,479.6760320663452,yes,15.00,14.130000,0.057400,0.812600,CLOSED,SETTLEMENT,1790590500.0
DOGE,KXDOGE15M-26SEP280615-15,False,2026-09-28T06:07:03.876550-04:00,1790590023.87655,476.12345004081726,yes,10.00,9.580000,0.028200,0.391800,CLOSED,SETTLEMENT,1790590500.0
ETH,KXETH15M-26SEP280615-15,False,2026-09-28T06:07:13.773188-04:00,1790590033.773188,466.22681188583374,yes,10.00,9.561000,0.029400,0.409600,CLOSED,SETTLEMENT,1790590500.0
ETH,KXETH15M-26SEP280645-45,False,2026-09-28T06:37:07.394264-04:00,1790591827.394264,472.6057360172272,yes,10.00,9.280000,0.046800,0.673200,CLOSED,SETTLEMENT,1790592300.0
BTC,KXBTC15M-26SEP280645-45,False,2026-09-28T06:37:14.470233-04:00,1790591834.470233,465.529767036438,yes,15.00,14.160000,0.055600,0.784400,CLOSED,SETTLEMENT,1790592300.0
ETH,KXETH15M-26SEP280715-15,False,2026-09-28T07:07:13.593529-04:00,1790593633.593529,466.4064710140228,yes,10.00,9.330000,0.043800,0.626200,CLOSED,SETTLEMENT,1790594100.0
HYPE,KXHYPE15M-26SEP280730-30,False,2026-09-28T07:22:55.442138-04:00,1790594575.442138,424.55786204338074,yes,10.00,9.580000,0.028200,0.391800,CLOSED,SETTLEMENT,1790595000.0
SOL,KXSOL15M-26SEP280800-00,False,2026-09-28T07:52:02.743543-04:00,1790596322.743543,477.2564570903778,no,15.00,14.010000,0.327300,-6.837300,CLOSED,HARD_STOP,1790596800.0
ETH,KXETH15M-26SEP280815-15,False,2026-09-28T08:07:13.183000-04:00,1790597233.183,466.81699991226196,yes,10.00,9.580000,0.028200,0.391800,CLOSED,SETTLEMENT,1790597700.0
SOL,KXSOL15M-26SEP280815-15,False,2026-09-28T08:07:14.293924-04:00,1790597234.293924,465.70607590675354,yes,15.00,14.385000,0.041300,0.573700,CLOSED,SETTLEMENT,1790597700.0
BTC,KXBTC15M-26SEP280815-15,False,2026-09-28T08:07:15.749526-04:00,1790597235.749526,464.25047397613525,yes,15.00,14.190000,0.053700,0.756300,CLOSED,SETTLEMENT,1790597700.0
HYPE,KXHYPE15M-26SEP280815-15,False,2026-09-28T08:07:45.571787-04:00,1790597265.571787,434.42821288108826,yes,10.00,9.350000,0.042600,0.607400,CLOSED,SETTLEMENT,1790597700.0
ETH,KXETH15M-26SEP280900-00,False,2026-09-28T08:52:02.637669-04:00,1790599922.637669,477.3623309135437,yes,10.00,9.547000,0.030300,0.422700,CLOSED,SETTLEMENT,1790600400.0
BTC,KXBTC15M-26SEP280900-00,False,2026-09-28T08:52:11.407388-04:00,1790599931.407388,468.59261202812195,yes,15.00,13.950000,0.068400,0.981600,CLOSED,SETTLEMENT,1790600400.0
SOL,KXSOL15M-26SEP280900-00,False,2026-09-28T08:52:32.202526-04:00,1790599952.202526,447.7974739074707,yes,15.00,14.070000,0.061100,0.868900,CLOSED,SETTLEMENT,1790600400.0
HYPE,KXHYPE15M-26SEP280900-00,False,2026-09-28T08:52:55.158537-04:00,1790599975.158537,424.84146308898926,yes,10.00,9.570000,0.028900,0.401100,CLOSED,SETTLEMENT,1790600400.0
BTC,KXBTC15M-26SEP280915-15,False,2026-09-28T09:07:00.530487-04:00,1790600820.530487,479.4695129394531,no,15.00,14.385000,0.041300,0.573700,CLOSED,SETTLEMENT,1790601300.0
ETH,KXETH15M-26SEP281000-00,False,2026-09-28T09:52:00.627693-04:00,1790603520.627693,479.37230706214905,no,10.00,9.331650,0.217050,-4.048700,CLOSED,HARD_STOP,1790604000.0
BTC,KXBTC15M-26SEP281015-15,False,2026-09-28T10:07:00.471051-04:00,1790604420.471051,479.5289490222931,no,15.00,12.750000,0.133900,2.116100,CLOSED,SETTLEMENT,1790604900.0
SOL,KXSOL15M-26SEP281015-15,False,2026-09-28T10:07:32.752585-04:00,1790604452.752585,447.2474150657654,no,15.00,12.200000,0.159400,2.640600,CLOSED,SETTLEMENT,1790604900.0
ETH,KXETH15M-26SEP281230-30,False,2026-09-28T12:22:00.258105-04:00,1790612520.258105,479.74189496040344,yes,10.00,9.575000,0.028500,0.396500,CLOSED,SETTLEMENT,1790613000.0
BTC,KXBTC15M-26SEP281230-30,False,2026-09-28T12:22:06.319781-04:00,1790612526.319781,473.6802189350128,yes,15.00,14.295000,0.047100,0.657900,CLOSED,SETTLEMENT,1790613000.0
DOGE,KXDOGE15M-26SEP281315-15,False,2026-09-28T13:07:56.483253-04:00,1790615276.483253,423.51674699783325,no,10.00,9.571000,0.200800,-4.127800,CLOSED,HARD_STOP,1790615700.0
BTC,KXBTC15M-26SEP281330-30,False,2026-09-28T13:22:37.398908-04:00,1790616157.398908,442.60109210014343,no,15.00,13.200000,0.110900,1.689100,CLOSED,SETTLEMENT,1790616600.0
XRP,KXXRP15M-26SEP281330-30,False,2026-09-28T13:22:46.389099-04:00,1790616166.389099,433.61090111732483,no,15.00,13.200000,0.110900,1.689100,CLOSED,SETTLEMENT,1790616600.0
HYPE,KXHYPE15M-26SEP281400-00,False,2026-09-28T13:52:03.073199-04:00,1790617923.073199,476.9268009662628,no,10.00,9.490000,0.033900,0.476100,CLOSED,SETTLEMENT,1790618400.0
HYPE,KXHYPE15M-26SEP281430-30,False,2026-09-28T14:22:20.805770-04:00,1790619740.80577,459.1942300796509,no,10.00,9.600000,0.026900,0.373100,CLOSED,SETTLEMENT,1790620200.0
SOL,KXSOL15M-26SEP281500-00,False,2026-09-28T14:52:23.610879-04:00,1790621543.610879,456.389121055603,yes,15.00,14.029000,0.063600,0.907400,CLOSED,SETTLEMENT,1790622000.0
HYPE,KXHYPE15M-26SEP281500-00,False,2026-09-28T14:52:26.428325-04:00,1790621546.428325,453.57167506217957,yes,10.00,9.450000,0.036400,0.513600,CLOSED,SETTLEMENT,1790622000.0
ETH,KXETH15M-26SEP281500-00,False,2026-09-28T14:52:31.161557-04:00,1790621551.161557,448.8384430408478,yes,10.00,9.290000,0.046200,0.663800,CLOSED,SETTLEMENT,1790622000.0
DOGE,KXDOGE15M-26SEP281500-00,False,2026-09-28T14:52:57.892212-04:00,1790621577.892212,422.1077880859375,yes,10.00,9.557000,0.029700,0.413300,CLOSED,SETTLEMENT,1790622000.0
HYPE,KXHYPE15M-26SEP281530-30,False,2026-09-28T15:22:00.402779-04:00,1790623320.402779,479.59722089767456,no,10.00,9.600000,0.026900,0.373100,CLOSED,SETTLEMENT,1790623800.0
DOGE,KXDOGE15M-26SEP281545-45,False,2026-09-28T15:37:00.283087-04:00,1790624220.283087,479.716912984848,no,10.00,9.480000,0.034600,0.485400,CLOSED,SETTLEMENT,1790624700.0
SOL,KXSOL15M-26SEP281545-45,False,2026-09-28T15:37:04.137063-04:00,1790624224.137063,475.8629369735718,no,15.00,14.214000,0.052200,0.733800,CLOSED,SETTLEMENT,1790624700.0
XRP,KXXRP15M-26SEP281545-45,False,2026-09-28T15:37:07.530196-04:00,1790624227.530196,472.4698040485382,no,15.00,13.935000,0.069300,0.995700,CLOSED,SETTLEMENT,1790624700.0
BNB,KXBNB15M-26SEP281700-00,False,2026-09-28T16:52:33.603559-04:00,1790628753.603559,446.3964409828186,no,10.00,9.430000,0.208300,-5.438300,CLOSED,HARD_STOP,1790629200.0
BTC,KXBTC15M-26SEP281715-15,False,2026-09-28T17:05:00.693790-04:00,1790629500.69379,599.3062100410461,yes,15.00,12.900000,0.126500,1.973500,CLOSED,SETTLEMENT,1790630100.0
BTC,KXBTC15M-26SEP281730-30,False,2026-09-28T17:22:00.384755-04:00,1790630520.384755,479.61524510383606,no,15.00,13.350000,0.102800,1.547200,CLOSED,SETTLEMENT,1790631000.0
BNB,KXBNB15M-26SEP281730-30,False,2026-09-28T17:22:05.177115-04:00,1790630525.177115,474.8228850364685,no,10.00,9.426000,0.037900,0.536100,CLOSED,SETTLEMENT,1790631000.0
BTC,KXBTC15M-26SEP281800-00,False,2026-09-28T17:51:39.287857-04:00,1790632299.287857,500.71214294433594,no,15.00,12.600000,0.141200,2.258800,CLOSED,SETTLEMENT,1790632800.0
HYPE,KXHYPE15M-26SEP281815-15,False,2026-09-28T18:05:31.768870-04:00,1790633131.76887,568.2311298847198,no,10.00,9.046000,0.060400,0.893600,CLOSED,SETTLEMENT,1790633700.0
DOGE,KXDOGE15M-26SEP281815-15,False,2026-09-28T18:05:53.483455-04:00,1790633153.483455,546.5165450572968,no,10.00,9.283000,0.046600,0.670400,CLOSED,SETTLEMENT,1790633700.0
BNB,KXBNB15M-26SEP281815-15,False,2026-09-28T18:06:25.705559-04:00,1790633185.705559,514.294440984726,no,10.00,9.538000,0.030900,0.431100,CLOSED,SETTLEMENT,1790633700.0
BTC,KXBTC15M-26SEP281845-45,False,2026-09-28T18:35:00.681100-04:00,1790634900.6811,599.3189001083374,yes,15.00,12.750000,0.133900,2.116100,CLOSED,SETTLEMENT,1790635500.0
DOGE,KXDOGE15M-26SEP281845-45,False,2026-09-28T18:36:07.582535-04:00,1790634967.582535,532.4174649715424,yes,10.00,9.460000,0.035800,0.504200,CLOSED,SETTLEMENT,1790635500.0
XRP,KXXRP15M-26SEP281845-45,False,2026-09-28T18:36:09.450251-04:00,1790634969.450251,530.5497488975525,yes,15.00,14.392000,0.040900,0.567100,CLOSED,SETTLEMENT,1790635500.0
ETH,KXETH15M-26SEP281845-45,False,2026-09-28T18:36:30.387946-04:00,1790634990.387946,509.61205410957336,yes,10.00,9.600000,0.026900,0.373100,CLOSED,SETTLEMENT,1790635500.0
BTC,KXBTC15M-26SEP281900-00,False,2026-09-28T18:52:17.882795-04:00,1790635937.882795,462.1172049045563,yes,15.00,12.450000,0.148200,2.401800,CLOSED,SETTLEMENT,1790636400.0
HYPE,KXHYPE15M-26SEP281915-15,False,2026-09-28T19:05:00.338280-04:00,1790636700.33828,599.6617200374603,yes,10.00,9.511000,0.207200,-4.540700,CLOSED,HARD_STOP,1790637300.0
DOGE,KXDOGE15M-26SEP281930-30,False,2026-09-28T19:20:32.313869-04:00,1790637632.313869,567.6861310005188,yes,10.00,9.269000,0.047500,0.683500,CLOSED,SETTLEMENT,1790638200.0
BNB,KXBNB15M-26SEP281930-30,False,2026-09-28T19:20:49.543531-04:00,1790637649.543531,550.4564690589905,yes,10.00,9.540000,0.030800,0.429200,CLOSED,SETTLEMENT,1790638200.0
HYPE,KXHYPE15M-26SEP281930-30,False,2026-09-28T19:22:20.616591-04:00,1790637740.616591,459.3834090232849,yes,10.00,9.325000,0.044100,0.630900,CLOSED,SETTLEMENT,1790638200.0
BNB,KXBNB15M-26SEP281945-45,False,2026-09-28T19:36:16.380273-04:00,1790638576.380273,523.619726896286,yes,10.00,9.140000,0.055100,0.804900,CLOSED,SETTLEMENT,1790639100.0
BTC,KXBTC15M-26SEP282000-00,False,2026-09-28T19:50:17.046453-04:00,1790639417.046453,582.953547000885,no,15.00,12.750000,0.133900,2.116100,CLOSED,SETTLEMENT,1790640000.0
BTC,KXBTC15M-26SEP282030-30,False,2026-09-28T20:20:28.502439-04:00,1790641228.502439,571.4975609779358,no,15.00,13.350000,0.358600,-7.408600,CLOSED,HARD_STOP,1790641800.0
BNB,KXBNB15M-26SEP282030-30,False,2026-09-28T20:22:03.373235-04:00,1790641323.373235,476.6267650127411,no,10.00,9.411000,0.213200,-4.314200,CLOSED,HARD_STOP,1790641800.0
XRP,KXXRP15M-26SEP282100-00,False,2026-09-28T20:50:01.414520-04:00,1790643001.41452,598.5854799747467,no,15.00,14.211000,0.052400,0.736600,CLOSED,SETTLEMENT,1790643600.0
BTC,KXBTC15M-26SEP282100-00,False,2026-09-28T20:50:02.793479-04:00,1790643002.793479,597.2065210342407,no,20.00,18.460000,0.099500,1.440500,CLOSED,SETTLEMENT,1790643600.0
BNB,KXBNB15M-26SEP282100-00,False,2026-09-28T20:50:05.673915-04:00,1790643005.673915,594.3260850906372,no,10.00,9.600000,0.026900,0.373100,CLOSED,SETTLEMENT,1790643600.0
DOGE,KXDOGE15M-26SEP282100-00,False,2026-09-28T20:50:17.988176-04:00,1790643017.988176,582.0118238925934,no,10.00,9.590000,0.027600,0.382400,CLOSED,SETTLEMENT,1790643600.0
HYPE,KXHYPE15M-26SEP282115-15,False,2026-09-28T21:07:10.949205-04:00,1790644030.949205,469.0507950782776,no,10.00,8.000000,0.112000,1.888000,CLOSED,SETTLEMENT,1790644500.0
BNB,KXBNB15M-26SEP282130-30,False,2026-09-28T21:20:00.371360-04:00,1790644800.37136,599.6286399364471,no,10.00,9.416000,0.213500,-4.529500,CLOSED,HARD_STOP,1790645400.0
SOL,KXSOL15M-26SEP282130-30,False,2026-09-28T21:20:02.448857-04:00,1790644802.448857,597.5511429309845,no,20.00,18.840000,0.076500,1.083500,CLOSED,SETTLEMENT,1790645400.0
BTC,KXBTC15M-26SEP282330-30,False,2026-09-28T23:20:15.741680-04:00,1790652015.74168,584.2583200931549,yes,20.00,17.600000,0.147900,2.252100,CLOSED,SETTLEMENT,1790652600.0
DOGE,KXDOGE15M-26SEP282330-30,False,2026-09-28T23:20:35.509358-04:00,1790652035.509358,564.4906420707703,yes,10.00,9.329000,0.043900,0.627100,CLOSED,SETTLEMENT,1790652600.0
XRP,KXXRP15M-26SEP282330-30,False,2026-09-28T23:21:01.175919-04:00,1790652061.175919,538.8240809440613,yes,15.00,13.981000,0.066500,0.952500,CLOSED,SETTLEMENT,1790652600.0
HYPE,KXHYPE15M-26SEP282330-30,False,2026-09-28T23:21:06.193847-04:00,1790652066.193847,533.8061530590057,yes,10.00,9.327000,0.044000,0.629000,CLOSED,SETTLEMENT,1790652600.0
SOL,KXSOL15M-26SEP282330-30,False,2026-09-28T23:21:25.602864-04:00,1790652085.602864,514.3971359729767,yes,20.00,18.032640,0.124260,1.843100,CLOSED,SETTLEMENT,1790652600.0
BNB,KXBNB15M-26SEP282330-30,False,2026-09-28T23:21:32.145959-04:00,1790652092.145959,507.85404109954834,yes,10.00,9.424000,0.038000,0.538000,CLOSED,SETTLEMENT,1790652600.0
HYPE,KXHYPE15M-26SEP290030-30,False,2026-09-29T00:20:07.496002-04:00,1790655607.496002,592.503998041153,yes,10.00,9.000000,0.063000,0.937000,CLOSED,SETTLEMENT,1790656200.0
BTC,KXBTC15M-26SEP290030-30,False,2026-09-29T00:22:00.596008-04:00,1790655720.596008,479.40399193763733,yes,20.00,18.000000,0.126000,1.874000,CLOSED,SETTLEMENT,1790656200.0
HYPE,KXHYPE15M-26SEP290045-45,False,2026-09-29T00:35:00.461967-04:00,1790656500.461967,599.5380330085754,no,10.00,9.221000,0.050200,0.728800,CLOSED,SETTLEMENT,1790657100.0
BTC,KXBTC15M-26SEP290045-45,False,2026-09-29T00:35:01.229223-04:00,1790656501.229223,598.7707769870758,no,20.00,16.600000,0.197600,3.202400,CLOSED,SETTLEMENT,1790657100.0
BNB,KXBNB15M-26SEP290045-45,False,2026-09-29T00:35:03.021639-04:00,1790656503.021639,596.9783608913422,no,10.00,9.280000,0.046800,0.673200,CLOSED,SETTLEMENT,1790657100.0
DOGE,KXDOGE15M-26SEP290045-45,False,2026-09-29T00:35:06.541295-04:00,1790656506.541295,593.4587049484253,no,10.00,9.157000,0.054100,0.788900,CLOSED,SETTLEMENT,1790657100.0
XRP,KXXRP15M-26SEP290045-45,False,2026-09-29T00:36:01.284595-04:00,1790656561.284595,538.7154049873352,no,15.00,13.860000,0.073800,1.066200,CLOSED,SETTLEMENT,1790657100.0
ETH,KXETH15M-26SEP290045-45,False,2026-09-29T00:36:02.833874-04:00,1790656562.833874,537.1661260128021,no,10.00,9.580000,0.028200,0.391800,CLOSED,SETTLEMENT,1790657100.0
BNB,KXBNB15M-26SEP290100-00,False,2026-09-29T00:50:00.849933-04:00,1790657400.849933,599.1500670909882,no,10.00,9.530000,0.031400,0.438600,CLOSED,SETTLEMENT,1790658000.0
BTC,KXBTC15M-26SEP290100-00,False,2026-09-29T00:50:18.567602-04:00,1790657418.567602,581.4323980808258,no,20.00,17.000000,0.525000,-6.525000,CLOSED,HARD_STOP,1790658000.0
HYPE,KXHYPE15M-26SEP290100-00,False,2026-09-29T00:50:20.556426-04:00,1790657420.556426,579.4435739517212,no,10.00,9.342000,0.043100,0.614900,CLOSED,SETTLEMENT,1790658000.0
HYPE,KXHYPE15M-26SEP290115-15,False,2026-09-29T01:07:59.541034-04:00,1790658479.541034,420.4589660167694,no,10.00,9.436000,0.212300,-4.538300,CLOSED,HARD_STOP,1790658900.0
BNB,KXBNB15M-26SEP290130-30,False,2026-09-29T01:20:58.929985-04:00,1790659258.929985,541.0700149536133,yes,10.00,9.403680,0.039320,0.557000,CLOSED,SETTLEMENT,1790659800.0
BTC,KXBTC15M-26SEP290145-45,False,2026-09-29T01:35:02.590566-04:00,1790660102.590566,597.4094340801239,no,20.00,19.200000,0.397000,-8.197000,CLOSED,HARD_STOP,1790660700.0
XRP,KXXRP15M-26SEP290145-45,False,2026-09-29T01:35:12.749188-04:00,1790660112.749188,587.2508120536804,no,15.00,14.385000,0.303400,-6.888400,CLOSED,HARD_STOP,1790660700.0
DOGE,KXDOGE15M-26SEP290145-45,False,2026-09-29T01:35:39.534574-04:00,1790660139.534574,560.4654259681702,no,10.00,9.590000,0.027600,0.382400,CLOSED,SETTLEMENT,1790660700.0
BTC,KXBTC15M-26SEP290215-15,False,2026-09-29T02:05:24.227944-04:00,1790661924.227944,575.7720561027527,yes,20.00,18.040000,0.123800,1.836200,CLOSED,SETTLEMENT,1790662500.0
DOGE,KXDOGE15M-26SEP290215-15,False,2026-09-29T02:07:08.399024-04:00,1790662028.399024,471.6009759902954,yes,10.00,9.215000,0.050700,0.734300,CLOSED,SETTLEMENT,1790662500.0
HYPE,KXHYPE15M-26SEP290215-15,False,2026-09-29T02:07:16.500659-04:00,1790662036.500659,463.49934101104736,yes,10.00,9.237540,0.049360,0.713100,CLOSED,SETTLEMENT,1790662500.0
XRP,KXXRP15M-26SEP290215-15,False,2026-09-29T02:07:35.254782-04:00,1790662055.254782,444.74521803855896,yes,15.00,14.040500,0.062900,0.896600,CLOSED,SETTLEMENT,1790662500.0
BTC,KXBTC15M-26SEP290300-00,False,2026-09-29T02:51:26.778547-04:00,1790664686.778547,513.2214529514313,yes,20.00,16.400000,0.206700,3.393300,CLOSED,SETTLEMENT,1790665200.0
ETH,KXETH15M-26SEP290300-00,False,2026-09-29T02:51:29.594776-04:00,1790664689.594776,510.4052240848541,yes,10.00,8.600000,0.084300,1.315700,CLOSED,SETTLEMENT,1790665200.0
DOGE,KXDOGE15M-26SEP290300-00,False,2026-09-29T02:51:39.690832-04:00,1790664699.690832,500.30916810035706,yes,10.00,8.800000,0.074000,1.126000,CLOSED,SETTLEMENT,1790665200.0
BNB,KXBNB15M-26SEP290300-00,False,2026-09-29T02:52:03.045094-04:00,1790664723.045094,476.9549059867859,yes,10.00,8.589500,0.084900,1.325600,CLOSED,SETTLEMENT,1790665200.0
HYPE,KXHYPE15M-26SEP290315-15,False,2026-09-29T03:05:50.566837-04:00,1790665550.566837,549.4331629276276,yes,10.00,9.326000,0.044000,0.630000,CLOSED,SETTLEMENT,1790666100.0
BNB,KXBNB15M-26SEP290430-30,False,2026-09-29T04:21:18.793163-04:00,1790670078.793163,521.206836938858,yes,10.00,9.000000,0.063000,0.937000,CLOSED,SETTLEMENT,1790670600.0
BTC,KXBTC15M-26SEP290430-30,False,2026-09-29T04:21:19.520044-04:00,1790670079.520044,520.4799559116364,yes,20.00,18.600000,0.091200,1.308800,CLOSED,SETTLEMENT,1790670600.0
XRP,KXXRP15M-26SEP290430-30,False,2026-09-29T04:21:48.513751-04:00,1790670108.513751,491.48624897003174,yes,15.00,14.375000,0.042000,0.583000,CLOSED,SETTLEMENT,1790670600.0
BTC,KXBTC15M-26SEP290445-45,False,2026-09-29T04:36:35.726619-04:00,1790670995.726619,504.27338099479675,no,20.00,19.060000,0.062800,0.877200,CLOSED,SETTLEMENT,1790671500.0
BTC,KXBTC15M-26SEP290515-15,False,2026-09-29T05:07:24.385588-04:00,1790672844.385588,455.6144120693207,no,20.00,17.800000,0.137100,2.062900,CLOSED,SETTLEMENT,1790673300.0
DOGE,KXDOGE15M-26SEP290530-30,False,2026-09-29T05:22:00.702296-04:00,1790673720.702296,479.29770398139954,yes,10.00,9.335230,0.216770,-4.052000,CLOSED,HARD_STOP,1790674200.0
BTC,KXBTC15M-26SEP290545-45,False,2026-09-29T05:37:44.320380-04:00,1790674664.32038,435.6796200275421,yes,20.00,18.580000,0.092400,1.327600,CLOSED,SETTLEMENT,1790675100.0
HYPE,KXHYPE15M-26SEP290600-00,False,2026-09-29T05:50:00.795818-04:00,1790675400.795818,599.2041819095612,yes,10.00,9.580000,0.028200,0.391800,CLOSED,SETTLEMENT,1790676000.0
BTC,KXBTC15M-26SEP290600-00,False,2026-09-29T05:50:02.274608-04:00,1790675402.274608,597.7253921031952,yes,20.00,19.160000,0.056400,0.783600,CLOSED,SETTLEMENT,1790676000.0
BNB,KXBNB15M-26SEP290600-00,False,2026-09-29T05:50:25.418867-04:00,1790675425.418867,574.581132888794,yes,10.00,9.490000,0.033900,0.476100,CLOSED,SETTLEMENT,1790676000.0
XRP,KXXRP15M-26SEP290600-00,False,2026-09-29T05:50:31.823457-04:00,1790675431.823457,568.1765429973602,yes,15.00,14.280000,0.048000,0.672000,CLOSED,SETTLEMENT,1790676000.0
DOGE,KXDOGE15M-26SEP290600-00,False,2026-09-29T05:50:50.187231-04:00,1790675450.187231,549.8127689361572,yes,10.00,9.450000,0.036400,0.513600,CLOSED,SETTLEMENT,1790676000.0
HYPE,KXHYPE15M-26SEP290630-30,False,2026-09-29T06:20:00.526749-04:00,1790677200.526749,599.4732511043549,no,10.00,9.554000,0.029900,0.416100,CLOSED,SETTLEMENT,1790677800.0
BTC,KXBTC15M-26SEP290630-30,False,2026-09-29T06:21:00.696329-04:00,1790677260.696329,539.3036708831787,no,20.00,18.800000,0.079000,1.121000,CLOSED,SETTLEMENT,1790677800.0
DOGE,KXDOGE15M-26SEP290630-30,False,2026-09-29T06:22:01.390297-04:00,1790677321.390297,478.60970306396484,no,10.00,9.600000,0.026900,0.373100,CLOSED,SETTLEMENT,1790677800.0
BTC,KXBTC15M-26SEP290645-45,False,2026-09-29T06:35:10.915898-04:00,1790678110.915898,589.0841019153595,no,20.00,17.400000,0.158400,2.441600,CLOSED,SETTLEMENT,1790678700.0
DOGE,KXDOGE15M-26SEP290645-45,False,2026-09-29T06:37:44.390371-04:00,1790678264.390371,435.60962891578674,no,10.00,9.500000,0.033300,0.466700,CLOSED,SETTLEMENT,1790678700.0
XRP,KXXRP15M-26SEP290645-45,False,2026-09-29T06:37:45.535284-04:00,1790678265.535284,434.4647159576416,no,15.00,14.250000,0.049900,0.700100,CLOSED,SETTLEMENT,1790678700.0
BTC,KXBTC15M-26SEP290715-15,False,2026-09-29T07:05:00.426506-04:00,1790679900.426506,599.5734939575195,no,20.00,17.400000,0.507200,-7.307200,CLOSED,HARD_STOP,1790680500.0
BTC,KXBTC15M-26SEP290745-45,False,2026-09-29T07:35:00.934290-04:00,1790681700.93429,599.065710067749,yes,20.00,19.000000,0.066500,0.933500,CLOSED,SETTLEMENT,1790682300.0
XRP,KXXRP15M-26SEP290745-45,False,2026-09-29T07:35:05.737218-04:00,1790681705.737218,594.2627820968628,yes,15.00,14.185000,0.054000,0.761000,CLOSED,SETTLEMENT,1790682300.0
HYPE,KXHYPE15M-26SEP290745-45,False,2026-09-29T07:36:36.616717-04:00,1790681796.616717,503.38328289985657,yes,10.00,9.590000,0.027600,0.382400,CLOSED,SETTLEMENT,1790682300.0
XRP,KXXRP15M-26SEP290800-00,False,2026-09-29T07:50:00.978832-04:00,1790682600.978832,599.0211679935455,yes,15.00,14.335000,0.044500,0.620500,CLOSED,SETTLEMENT,1790683200.0
DOGE,KXDOGE15M-26SEP290800-00,False,2026-09-29T07:50:01.724279-04:00,1790682601.724279,598.2757210731506,yes,10.00,9.390000,0.040100,0.569900,CLOSED,SETTLEMENT,1790683200.0
SOL,KXSOL15M-26SEP290800-00,False,2026-09-29T07:50:03.488203-04:00,1790682603.488203,596.511796951294,yes,20.00,18.620000,0.090000,1.290000,CLOSED,SETTLEMENT,1790683200.0
BTC,KXBTC15M-26SEP290800-00,False,2026-09-29T07:50:07.944886-04:00,1790682607.944886,592.055114030838,yes,20.00,18.860000,0.075300,1.064700,CLOSED,SETTLEMENT,1790683200.0
HYPE,KXHYPE15M-26SEP290800-00,False,2026-09-29T07:50:15.741591-04:00,1790682615.741591,584.2584090232849,yes,10.00,9.388000,0.040300,0.571700,CLOSED,SETTLEMENT,1790683200.0
BNB,KXBNB15M-26SEP290800-00,False,2026-09-29T07:50:18.861555-04:00,1790682618.861555,581.1384449005127,yes,10.00,9.434000,0.037400,0.528600,CLOSED,SETTLEMENT,1790683200.0
ETH,KXETH15M-26SEP290800-00,False,2026-09-29T07:51:05.986691-04:00,1790682665.986691,534.0133090019226,yes,10.00,9.400000,0.039500,0.560500,CLOSED,SETTLEMENT,1790683200.0
DOGE,KXDOGE15M-26SEP290845-45,False,2026-09-29T08:35:00.456595-04:00,1790685300.456595,599.5434050559998,yes,10.00,9.480000,0.034600,0.485400,CLOSED,SETTLEMENT,1790685900.0
BTC,KXBTC15M-26SEP290845-45,False,2026-09-29T08:35:19.928085-04:00,1790685319.928085,580.0719149112701,yes,20.00,18.100000,0.120400,1.779600,CLOSED,SETTLEMENT,1790685900.0
BTC,KXBTC15M-26SEP290945-45,False,2026-09-29T09:35:48.959407-04:00,1790688948.959407,551.0405929088593,no,20.00,18.714980,0.084220,1.200800,CLOSED,SETTLEMENT,1790689500.0
XRP,KXXRP15M-26SEP291015-15,False,2026-09-29T10:06:20.322293-04:00,1790690780.322293,519.6777069568634,no,15.00,12.000000,0.430300,-4.700300,CLOSED,HARD_STOP,1790691300.0
DOGE,KXDOGE15M-26SEP291015-15,False,2026-09-29T10:06:23.511615-04:00,1790690783.511615,516.4883849620819,no,10.00,9.552000,0.030000,0.418000,CLOSED,SETTLEMENT,1790691300.0
BTC,KXBTC15M-26SEP291015-15,False,2026-09-29T10:06:30.936997-04:00,1790690790.936997,509.0630030632019,no,20.00,19.000000,0.066500,0.933500,CLOSED,SETTLEMENT,1790691300.0
HYPE,KXHYPE15M-26SEP291015-15,False,2026-09-29T10:06:36.314409-04:00,1790690796.314409,503.68559098243713,no,10.00,9.378000,0.040900,0.581100,CLOSED,SETTLEMENT,1790691300.0
BTC,KXBTC15M-26SEP291100-00,False,2026-09-29T10:50:38.856468-04:00,1790693438.856468,561.143532037735,no,20.00,16.200000,0.562000,-5.762000,CLOSED,HARD_STOP,1790694000.0
HYPE,KXHYPE15M-26SEP291100-00,False,2026-09-29T10:51:02.309780-04:00,1790693462.30978,537.690220117569,no,10.00,9.411440,0.038860,0.549700,CLOSED,SETTLEMENT,1790694000.0
HYPE,KXHYPE15M-26SEP291115-15,False,2026-09-29T11:05:01.078975-04:00,1790694301.078975,598.9210250377655,no,10.00,9.548000,0.030200,0.421800,CLOSED,SETTLEMENT,1790694900.0
DOGE,KXDOGE15M-26SEP291115-15,False,2026-09-29T11:05:02.062550-04:00,1790694302.06255,597.9374499320984,no,10.00,9.310000,0.045000,0.645000,CLOSED,SETTLEMENT,1790694900.0
BTC,KXBTC15M-26SEP291115-15,False,2026-09-29T11:05:07.976115-04:00,1790694307.976115,592.023885011673,no,20.00,17.800000,0.137100,2.062900,CLOSED,SETTLEMENT,1790694900.0
XRP,KXXRP15M-26SEP291115-15,False,2026-09-29T11:05:14.284491-04:00,1790694314.284491,585.7155089378357,no,15.00,13.985000,0.066300,0.948700,CLOSED,SETTLEMENT,1790694900.0
ETH,KXETH15M-26SEP291115-15,False,2026-09-29T11:05:42.950777-04:00,1790694342.950777,557.049222946167,no,10.00,9.300000,0.045600,0.654400,CLOSED,SETTLEMENT,1790694900.0
SOL,KXSOL15M-26SEP291115-15,False,2026-09-29T11:05:59.060068-04:00,1790694359.060068,540.9399321079254,no,20.00,19.126000,0.058500,0.815500,CLOSED,SETTLEMENT,1790694900.0
DOGE,KXDOGE15M-26SEP291215-15,False,2026-09-29T12:05:29.731202-04:00,1790697929.731202,570.2687981128693,yes,10.00,8.400000,0.094100,1.505900,CLOSED,SETTLEMENT,1790698500.0
HYPE,KXHYPE15M-26SEP291230-30,False,2026-09-29T12:20:37.889088-04:00,1790698837.889088,562.1109120845795,yes,10.00,9.600000,0.026900,0.373100,CLOSED,SETTLEMENT,1790699400.0
BTC,KXBTC15M-26SEP291230-30,False,2026-09-29T12:21:21.823028-04:00,1790698881.823028,518.176971912384,yes,20.00,18.760000,0.081500,1.158500,CLOSED,SETTLEMENT,1790699400.0
HYPE,KXHYPE15M-26SEP291330-30,False,2026-09-29T13:21:21.269990-04:00,1790702481.26999,518.7300100326538,no,10.00,9.104000,0.057100,0.838900,CLOSED,SETTLEMENT,1790703000.0
DOGE,KXDOGE15M-26SEP291330-30,False,2026-09-29T13:22:00.646832-04:00,1790702520.646832,479.35316801071167,no,10.00,9.555000,0.029800,0.415200,CLOSED,SETTLEMENT,1790703000.0
HYPE,KXHYPE15M-26SEP291400-00,False,2026-09-29T13:50:00.862869-04:00,1790704200.862869,599.1371309757233,no,10.00,9.590000,0.027600,0.382400,CLOSED,SETTLEMENT,1790704800.0
BNB,KXBNB15M-26SEP291400-00,False,2026-09-29T13:50:52.457035-04:00,1790704252.457035,547.5429649353027,no,10.00,9.195000,0.051900,0.753100,CLOSED,SETTLEMENT,1790704800.0
DOGE,KXDOGE15M-26SEP291400-00,False,2026-09-29T13:51:04.718311-04:00,1790704264.718311,535.2816889286041,no,10.00,9.600000,0.026900,0.373100,CLOSED,SETTLEMENT,1790704800.0
BTC,KXBTC15M-26SEP291400-00,False,2026-09-29T13:51:07.754030-04:00,1790704267.75403,532.2459700107574,no,20.00,18.320000,0.107800,1.572200,CLOSED,SETTLEMENT,1790704800.0
BTC,KXBTC15M-26SEP291415-15,False,2026-09-29T14:05:01.516218-04:00,1790705101.516218,598.4837820529938,yes,20.00,19.000000,0.066500,0.933500,CLOSED,SETTLEMENT,1790705700.0
DOGE,KXDOGE15M-26SEP291415-15,False,2026-09-29T14:05:45.344925-04:00,1790705145.344925,554.6550750732422,yes,10.00,9.560000,0.029500,0.410500,CLOSED,SETTLEMENT,1790705700.0
HYPE,KXHYPE15M-26SEP291515-15,False,2026-09-29T15:05:08.723799-04:00,1790708708.723799,591.2762010097504,yes,10.00,8.440000,0.266100,-3.306100,CLOSED,HARD_STOP,1790709300.0
BNB,KXBNB15M-26SEP291515-15,False,2026-09-29T15:07:11.698982-04:00,1790708831.698982,468.30101799964905,yes,10.00,8.200000,0.272800,-2.572800,CLOSED,HARD_STOP,1790709300.0
HYPE,KXHYPE15M-26SEP291545-45,False,2026-09-29T15:37:43.526896-04:00,1790710663.526896,436.47310400009155,no,10.00,9.377000,0.040900,0.582100,CLOSED,SETTLEMENT,1790711100.0
XRP,KXXRP15M-26SEP291615-15,False,2026-09-29T16:05:55.460206-04:00,1790712355.460206,544.5397939682007,yes,15.00,12.150000,0.422600,-4.502100,CLOSED,HARD_STOP,1790712900.0
DOGE,KXDOGE15M-26SEP291615-15,False,2026-09-29T16:06:29.591203-04:00,1790712389.591203,510.40879702568054,yes,10.00,8.100000,0.282800,-3.282800,CLOSED,HARD_STOP,1790712900.0
BNB,KXBNB15M-26SEP291615-15,False,2026-09-29T16:06:41.515352-04:00,1790712401.515352,498.48464798927307,yes,10.00,8.200000,0.278400,-3.458400,CLOSED,HARD_STOP,1790712900.0
SOL,KXSOL15M-26SEP291615-15,False,2026-09-29T16:07:07.563642-04:00,1790712427.563642,472.4363579750061,yes,20.00,16.400000,0.555500,-6.355500,CLOSED,HARD_STOP,1790712900.0
DOGE,KXDOGE15M-26SEP291630-30,False,2026-09-29T16:20:11.789423-04:00,1790713211.789423,588.2105770111084,yes,10.00,9.520000,0.032000,0.448000,CLOSED,SETTLEMENT,1790713800.0
BTC,KXBTC15M-26SEP291715-15,False,2026-09-29T17:05:22.184398-04:00,1790715922.184398,577.8156020641327,no,20.00,17.000000,0.178500,2.821500,CLOSED,SETTLEMENT,1790716500.0
BTC,KXBTC15M-26SEP291730-30,False,2026-09-29T17:20:03.756494-04:00,1790716803.756494,596.2435059547424,no,20.00,16.800000,0.188200,3.011800,CLOSED,SETTLEMENT,1790717400.0
XRP,KXXRP15M-26SEP291730-30,False,2026-09-29T17:20:15.927857-04:00,1790716815.927857,584.0721430778503,no,15.00,13.720000,0.082000,1.198000,CLOSED,SETTLEMENT,1790717400.0
HYPE,KXHYPE15M-26SEP291730-30,False,2026-09-29T17:20:36.863057-04:00,1790716836.863057,563.1369431018829,no,10.00,9.322000,0.044300,0.633700,CLOSED,SETTLEMENT,1790717400.0
ETH,KXETH15M-26SEP291730-30,False,2026-09-29T17:20:51.711243-04:00,1790716851.711243,548.2887570858002,no,10.00,9.330000,0.043800,0.626200,CLOSED,SETTLEMENT,1790717400.0
DOGE,KXDOGE15M-26SEP291730-30,False,2026-09-29T17:21:01.197645-04:00,1790716861.197645,538.8023550510406,no,10.00,9.293000,0.046000,0.661000,CLOSED,SETTLEMENT,1790717400.0
ETH,KXETH15M-26SEP291815-15,False,2026-09-29T18:05:02.237491-04:00,1790719502.237491,597.7625091075897,yes,10.00,9.404000,0.039300,0.556700,CLOSED,SETTLEMENT,1790720100.0
BTC,KXBTC15M-26SEP291815-15,False,2026-09-29T18:05:03.695446-04:00,1790719503.695446,596.3045539855957,yes,20.00,15.600000,0.240300,4.159700,CLOSED,SETTLEMENT,1790720100.0
XRP,KXXRP15M-26SEP291845-45,False,2026-09-29T18:35:58.597052-04:00,1790721358.597052,541.4029479026794,no,15.00,13.500000,0.094500,1.405500,CLOSED,SETTLEMENT,1790721900.0
SOL,KXSOL15M-26SEP291845-45,False,2026-09-29T18:36:44.175697-04:00,1790721404.175697,495.8243029117584,no,20.00,16.000000,0.573200,-7.053200,CLOSED,HARD_STOP,1790721900.0
HYPE,KXHYPE15M-26SEP291845-45,False,2026-09-29T18:37:35.973694-04:00,1790721455.973694,444.02630591392517,yes,10.00,8.200000,0.103400,1.696600,CLOSED,SETTLEMENT,1790721900.0
ETH,KXETH15M-26SEP291915-15,False,2026-09-29T19:05:00.248848-04:00,1790723100.248848,599.7511520385742,yes,10.00,8.800000,0.074000,1.126000,CLOSED,SETTLEMENT,1790723700.0
SOL,KXSOL15M-26SEP291915-15,False,2026-09-29T19:05:07.140024-04:00,1790723107.140024,592.8599760532379,yes,20.00,19.000000,0.066500,0.933500,CLOSED,SETTLEMENT,1790723700.0
DOGE,KXDOGE15M-26SEP291915-15,False,2026-09-29T19:05:10.765707-04:00,1790723110.765707,589.2342929840088,yes,10.00,9.340000,0.043200,0.616800,CLOSED,SETTLEMENT,1790723700.0
BTC,KXBTC15M-26SEP291915-15,False,2026-09-29T19:05:11.892999-04:00,1790723111.892999,588.1070010662079,yes,20.00,18.540000,0.094800,1.365200,CLOSED,SETTLEMENT,1790723700.0
XRP,KXXRP15M-26SEP291915-15,False,2026-09-29T19:05:30.805649-04:00,1790723130.805649,569.1943509578705,yes,15.00,13.945000,0.068700,0.986300,CLOSED,SETTLEMENT,1790723700.0
ETH,KXETH15M-26SEP291930-30,False,2026-09-29T19:21:05.140354-04:00,1790724065.140354,534.8596460819244,no,10.00,9.490000,0.033900,0.476100,CLOSED,SETTLEMENT,1790724600.0
BTC,KXBTC15M-26SEP291930-30,False,2026-09-29T19:22:00.372731-04:00,1790724120.372731,479.6272690296173,no,20.00,18.300000,0.108900,1.591100,CLOSED,SETTLEMENT,1790724600.0
DOGE,KXDOGE15M-26SEP291930-30,False,2026-09-29T19:22:05.335672-04:00,1790724125.335672,474.6643280982971,no,10.00,9.330000,0.043800,0.626200,CLOSED,SETTLEMENT,1790724600.0
DOGE,KXDOGE15M-26SEP291945-45,False,2026-09-29T19:36:06.872350-04:00,1790724966.87235,533.1276500225067,no,10.00,9.432000,0.037600,0.530400,CLOSED,SETTLEMENT,1790725500.0
BTC,KXBTC15M-26SEP292030-30,False,2026-09-29T20:20:32.900083-04:00,1790727632.900083,567.099916934967,no,20.00,17.800000,0.483600,-7.283600,CLOSED,HARD_STOP,1790728200.0
SOL,KXSOL15M-26SEP292030-30,False,2026-09-29T20:22:13.613897-04:00,1790727733.613897,466.3861029148102,no,20.00,19.135000,0.405800,-8.740800,CLOSED,HARD_STOP,1790728200.0
BTC,KXBTC15M-26SEP292215-15,False,2026-09-29T22:06:17.657793-04:00,1790733977.657793,522.342206954956,yes,20.00,18.080000,0.121500,1.798500,CLOSED,SETTLEMENT,1790734500.0
SOL,KXSOL15M-26SEP292215-15,False,2026-09-29T22:07:03.091864-04:00,1790734023.091864,476.9081358909607,yes,20.00,19.080000,0.061500,0.858500,CLOSED,SETTLEMENT,1790734500.0
DOGE,KXDOGE15M-26SEP292215-15,False,2026-09-29T22:07:19.228763-04:00,1790734039.228763,460.7712368965149,yes,10.00,9.600000,0.026900,0.373100,CLOSED,SETTLEMENT,1790734500.0
ETH,KXETH15M-26SEP292215-15,False,2026-09-29T22:07:34.517283-04:00,1790734054.517283,445.4827170372009,yes,10.00,9.520000,0.206400,-4.426400,CLOSED,HARD_STOP,1790734500.0
ETH,KXETH15M-26SEP292300-00,False,2026-09-29T22:52:13.448437-04:00,1790736733.448437,466.5515630245209,yes,10.00,8.940000,0.066400,0.993600,CLOSED,SETTLEMENT,1790737200.0
SOL,KXSOL15M-26SEP292330-30,False,2026-09-29T23:20:02.161679-04:00,1790738402.161679,597.8383209705353,no,20.00,19.180000,0.055100,0.764900,CLOSED,SETTLEMENT,1790739000.0
ETH,KXETH15M-26SEP292330-30,False,2026-09-29T23:20:04.789405-04:00,1790738404.789405,595.2105948925018,no,10.00,9.139000,0.055100,0.805900,CLOSED,SETTLEMENT,1790739000.0
DOGE,KXDOGE15M-26SEP300000-00,False,2026-09-29T23:52:21.831867-04:00,1790740341.831867,458.168133020401,no,10.00,9.479000,0.034600,0.486400,CLOSED,SETTLEMENT,1790740800.0
BTC,KXBTC15M-26SEP300015-15,False,2026-09-30T00:05:00.444983-04:00,1790741100.444983,599.5550169944763,yes,20.00,17.000000,0.526300,-6.726300,CLOSED,HARD_STOP,1790741700.0
DOGE,KXDOGE15M-26SEP300015-15,False,2026-09-30T00:06:04.551193-04:00,1790741164.551193,535.4488070011139,yes,10.00,9.600000,0.197400,-3.987400,CLOSED,HARD_STOP,1790741700.0
BTC,KXBTC15M-26SEP300100-00,False,2026-09-30T00:50:05.351252-04:00,1790743805.351252,594.64874792099,no,20.00,16.200000,0.215500,3.584500,CLOSED,SETTLEMENT,1790744400.0
DOGE,KXDOGE15M-26SEP300100-00,False,2026-09-30T00:51:00.661161-04:00,1790743860.661161,539.3388390541077,no,10.00,8.600000,0.084300,1.315700,CLOSED,SETTLEMENT,1790744400.0
BTC,KXBTC15M-26SEP300115-15,False,2026-09-30T01:06:14.403897-04:00,1790744774.403897,525.5961029529572,yes,20.00,18.080000,0.121500,1.798500,CLOSED,SETTLEMENT,1790745300.0
ETH,KXETH15M-26SEP300200-00,False,2026-09-30T01:51:43.434098-04:00,1790747503.434098,496.5659019947052,no,10.00,9.010000,0.062500,0.927500,CLOSED,SETTLEMENT,1790748000.0
BTC,KXBTC15M-26SEP300200-00,False,2026-09-30T01:51:52.626268-04:00,1790747512.626268,487.37373208999634,no,20.00,17.000000,0.178500,2.821500,CLOSED,SETTLEMENT,1790748000.0
SOL,KXSOL15M-26SEP300200-00,False,2026-09-30T01:52:00.722323-04:00,1790747520.722323,479.2776770591736,no,20.00,18.660000,0.087600,1.252400,CLOSED,SETTLEMENT,1790748000.0
ETH,KXETH15M-26SEP300330-30,False,2026-09-30T03:20:06.256342-04:00,1790752806.256342,593.7436580657959,yes,10.00,9.550000,0.030100,0.419900,CLOSED,SETTLEMENT,1790753400.0
BTC,KXBTC15M-26SEP300330-30,False,2026-09-30T03:20:09.954878-04:00,1790752809.954878,590.0451219081879,yes,20.00,18.900000,0.072800,1.027200,CLOSED,SETTLEMENT,1790753400.0
ETH,KXETH15M-26SEP300415-15,False,2026-09-30T04:06:48.484770-04:00,1790755608.48477,491.51522994041443,no,10.00,9.000000,0.063000,0.937000,CLOSED,SETTLEMENT,1790756100.0
BNB,KXBNB15M-26SEP300430-30,False,2026-09-30T04:22:38.530370-04:00,1790756558.53037,441.46963000297546,yes,10.00,9.471000,0.035100,0.493900,CLOSED,SETTLEMENT,1790757000.0
BTC,KXBTC15M-26SEP300430-30,False,2026-09-30T04:22:43.459665-04:00,1790756563.459665,436.54033493995667,yes,20.00,18.920000,0.420400,-8.740400,CLOSED,HARD_STOP,1790757000.0
BTC,KXBTC15M-26SEP300515-15,False,2026-09-30T05:05:00.592005-04:00,1790759100.592005,599.4079949855804,yes,20.00,18.000000,0.126000,1.874000,CLOSED,SETTLEMENT,1790759700.0
ETH,KXETH15M-26SEP300515-15,False,2026-09-30T05:05:06.564077-04:00,1790759106.564077,593.4359230995178,yes,10.00,9.000000,0.063000,0.937000,CLOSED,SETTLEMENT,1790759700.0
SOL,KXSOL15M-26SEP300515-15,False,2026-09-30T05:06:01.420594-04:00,1790759161.420594,538.5794060230255,yes,25.00,23.858000,0.076300,1.065700,CLOSED,SETTLEMENT,1790759700.0
DOGE,KXDOGE15M-26SEP300515-15,False,2026-09-30T05:06:41.949128-04:00,1790759201.949128,498.05087208747864,yes,10.00,9.250000,0.048600,0.701400,CLOSED,SETTLEMENT,1790759700.0
BTC,KXBTC15M-26SEP300545-45,False,2026-09-30T05:35:00.231318-04:00,1790760900.231318,599.7686820030212,yes,20.00,18.720000,0.083900,1.196100,CLOSED,SETTLEMENT,1790761500.0
DOGE,KXDOGE15M-26SEP300615-15,False,2026-09-30T06:07:48.680107-04:00,1790762868.680107,431.3198928833008,yes,10.00,9.581000,0.028200,0.390800,CLOSED,SETTLEMENT,1790763300.0
SOL,KXSOL15M-26SEP300630-30,False,2026-09-30T06:21:45.309214-04:00,1790763705.309214,494.6907858848572,yes,25.00,22.881000,0.135800,1.983200,CLOSED,SETTLEMENT,1790764200.0
BTC,KXBTC15M-26SEP300645-45,False,2026-09-30T06:37:17.881905-04:00,1790764637.881905,462.11809492111206,yes,20.00,18.000000,0.126000,1.874000,CLOSED,SETTLEMENT,1790765100.0
ETH,KXETH15M-26SEP300715-15,False,2026-09-30T07:05:00.385149-04:00,1790766300.385149,599.6148509979248,no,10.00,9.400000,0.039500,0.560500,CLOSED,SETTLEMENT,1790766900.0
BTC,KXBTC15M-26SEP300715-15,False,2026-09-30T07:05:03.202998-04:00,1790766303.202998,596.7970020771027,no,20.00,18.800000,0.079000,1.121000,CLOSED,SETTLEMENT,1790766900.0
SOL,KXSOL15M-26SEP300715-15,False,2026-09-30T07:06:01.693485-04:00,1790766361.693485,538.3065149784088,no,25.00,23.788340,0.080760,1.130900,CLOSED,SETTLEMENT,1790766900.0
XRP,KXXRP15M-26SEP300715-15,False,2026-09-30T07:06:38.851990-04:00,1790766398.85199,501.14801001548767,no,20.00,19.063000,0.062600,0.874400,CLOSED,SETTLEMENT,1790766900.0
BTC,KXBTC15M-26SEP300815-15,False,2026-09-30T08:05:58.096762-04:00,1790769958.096762,541.9032380580902,no,20.00,16.000000,0.224000,3.776000,CLOSED,SETTLEMENT,1790770500.0
ETH,KXETH15M-26SEP300815-15,False,2026-09-30T08:07:12.724685-04:00,1790770032.724685,467.2753150463104,no,10.00,9.000000,0.226200,-5.526200,CLOSED,HARD_STOP,1790770500.0
XRP,KXXRP15M-26SEP300830-30,False,2026-09-30T08:20:40.910949-04:00,1790770840.910949,559.0890510082245,no,20.00,19.027080,0.064820,0.908100,CLOSED,SETTLEMENT,1790771400.0
BTC,KXBTC15M-26SEP300900-00,False,2026-09-30T08:50:20.382050-04:00,1790772620.38205,579.617949962616,yes,20.00,18.700000,0.085100,1.214900,CLOSED,SETTLEMENT,1790773200.0
SOL,KXSOL15M-26SEP300915-15,False,2026-09-30T09:06:26.987237-04:00,1790773586.987237,513.0127630233765,yes,25.00,20.250000,0.269400,4.480600,CLOSED,SETTLEMENT,1790774100.0
BTC,KXBTC15M-26SEP300945-45,False,2026-09-30T09:35:50.437419-04:00,1790775350.437419,549.5625810623169,no,20.00,17.600000,0.147900,2.252100,CLOSED,SETTLEMENT,1790775900.0
ETH,KXETH15M-26SEP300945-45,False,2026-09-30T09:36:02.501146-04:00,1790775362.501146,537.4988539218903,no,10.00,9.000000,0.063000,0.937000,CLOSED,SETTLEMENT,1790775900.0
SOL,KXSOL15M-26SEP300945-45,False,2026-09-30T09:37:08.477413-04:00,1790775428.477413,471.52258706092834,no,25.00,23.838400,0.077600,1.084000,CLOSED,SETTLEMENT,1790775900.0
SOL,KXSOL15M-26SEP301015-15,False,2026-09-30T10:06:25.572343-04:00,1790777185.572343,514.4276568889618,yes,25.00,20.250000,0.704100,-9.454100,CLOSED,HARD_STOP,1790777700.0
BTC,KXBTC15M-26SEP301015-15,False,2026-09-30T10:07:30.773140-04:00,1790777250.77314,449.2268600463867,no,20.00,16.200000,0.215500,3.584500,CLOSED,SETTLEMENT,1790777700.0
ETH,KXETH15M-26SEP301030-30,False,2026-09-30T10:22:28.607196-04:00,1790778148.607196,451.3928039073944,no,10.00,9.510000,0.032700,0.457300,CLOSED,SETTLEMENT,1790778600.0
BTC,KXBTC15M-26SEP301145-45,False,2026-09-30T11:37:24.357724-04:00,1790782644.357724,455.6422760486603,yes,20.00,19.000000,0.066500,0.933500,CLOSED,SETTLEMENT,1790783100.0
DOGE,KXDOGE15M-26SEP301200-00,False,2026-09-30T11:50:31.785481-04:00,1790783431.785481,568.2145190238953,yes,10.00,9.340000,0.043200,0.616800,CLOSED,SETTLEMENT,1790784000.0
BTC,KXBTC15M-26SEP301215-15,False,2026-09-30T12:05:02.746751-04:00,1790784302.746751,597.2532489299774,yes,20.00,17.200000,0.168600,2.631400,CLOSED,SETTLEMENT,1790784900.0
DOGE,KXDOGE15M-26SEP301215-15,False,2026-09-30T12:06:09.661919-04:00,1790784369.661919,530.3380808830261,yes,10.00,8.900000,0.068600,1.031400,CLOSED,SETTLEMENT,1790784900.0
XRP,KXXRP15M-26SEP301215-15,False,2026-09-30T12:06:49.503265-04:00,1790784409.503265,490.4967350959778,yes,20.00,19.180000,0.055100,0.764900,CLOSED,SETTLEMENT,1790784900.0
HYPE,KXHYPE15M-26SEP301300-00,False,2026-09-30T12:51:00.507955-04:00,1790787060.507955,539.4920449256897,yes,10.00,9.450000,0.210800,-4.960800,CLOSED,HARD_STOP,1790787600.0
BTC,KXBTC15M-26SEP301330-30,False,2026-09-30T13:20:10.079141-04:00,1790788810.079141,589.9208590984344,no,20.00,18.680000,0.086400,1.233600,CLOSED,SETTLEMENT,1790789400.0
BTC,KXBTC15M-26SEP301345-45,False,2026-09-30T13:36:38.017969-04:00,1790789798.017969,501.98203110694885,no,20.00,18.600000,0.091200,1.308800,CLOSED,SETTLEMENT,1790790300.0
ETH,KXETH15M-26SEP301345-45,False,2026-09-30T13:37:15.398466-04:00,1790789835.398466,464.6015338897705,no,10.00,9.506520,0.032880,0.460600,CLOSED,SETTLEMENT,1790790300.0
SOL,KXSOL15M-26SEP301415-15,False,2026-09-30T14:05:59.689596-04:00,1790791559.689596,540.3104040622711,no,25.00,20.400000,0.262800,4.337200,CLOSED,SETTLEMENT,1790792100.0
ETH,KXETH15M-26SEP301445-45,False,2026-09-30T14:37:41.562847-04:00,1790793461.562847,438.4371531009674,no,10.00,9.130000,0.055700,0.814300,CLOSED,SETTLEMENT,1790793900.0
BTC,KXBTC15M-26SEP301515-15,False,2026-09-30T15:05:40.092156-04:00,1790795140.092156,559.9078440666199,no,20.00,16.000000,0.224000,3.776000,CLOSED,SETTLEMENT,1790795700.0
SOL,KXSOL15M-26SEP301515-15,False,2026-09-30T15:06:12.830921-04:00,1790795172.830921,527.1690790653229,no,25.00,20.000000,0.280000,4.720000,CLOSED,SETTLEMENT,1790795700.0
ETH,KXETH15M-26SEP301545-45,False,2026-09-30T15:36:57.917080-04:00,1790797017.91708,482.0829200744629,yes,10.00,9.330000,0.043800,0.626200,CLOSED,SETTLEMENT,1790797500.0
BTC,KXBTC15M-26SEP301545-45,False,2026-09-30T15:37:41.209446-04:00,1790797061.209446,438.79055404663086,yes,20.00,18.700000,0.085100,1.214900,CLOSED,SETTLEMENT,1790797500.0
BTC,KXBTC15M-26SEP301600-00,False,2026-09-30T15:50:58.404225-04:00,1790797858.404225,541.5957748889923,no,20.00,18.159980,0.117020,1.723000,CLOSED,SETTLEMENT,1790798400.0
ETH,KXETH15M-26SEP301600-00,False,2026-09-30T15:51:00.878481-04:00,1790797860.878481,539.1215190887451,no,10.00,9.230000,0.049800,0.720200,CLOSED,SETTLEMENT,1790798400.0
SOL,KXSOL15M-26SEP301600-00,False,2026-09-30T15:51:09.460897-04:00,1790797869.460897,530.5391030311584,no,25.00,23.548000,0.095800,1.356200,CLOSED,SETTLEMENT,1790798400.0
XRP,KXXRP15M-26SEP301600-00,False,2026-09-30T15:51:19.850932-04:00,1790797879.850932,520.1490681171417,no,20.00,19.182000,0.055000,0.763000,CLOSED,SETTLEMENT,1790798400.0
DOGE,KXDOGE15M-26SEP301600-00,False,2026-09-30T15:51:23.127449-04:00,1790797883.127449,516.8725509643555,no,10.00,9.503000,0.033100,0.463900,CLOSED,SETTLEMENT,1790798400.0
HYPE,KXHYPE15M-26SEP301615-15,False,2026-09-30T16:05:08.000716-04:00,1790798708.000716,591.999284029007,yes,10.00,8.924000,0.067200,1.008800,CLOSED,SETTLEMENT,1790799300.0
DOGE,KXDOGE15M-26SEP301615-15,False,2026-09-30T16:05:14.423363-04:00,1790798714.423363,585.5766370296478,yes,10.00,8.500000,0.089300,1.410700,CLOSED,SETTLEMENT,1790799300.0
DOGE,KXDOGE15M-26SEP301630-30,False,2026-09-30T16:21:18.607957-04:00,1790799678.607957,521.3920431137085,yes,10.00,8.900000,0.068600,1.031400,CLOSED,SETTLEMENT,1790800200.0
ETH,KXETH15M-26SEP301630-30,False,2026-09-30T16:21:42.365402-04:00,1790799702.365402,497.6345980167389,yes,10.00,9.140000,0.055100,0.804900,CLOSED,SETTLEMENT,1790800200.0
BTC,KXBTC15M-26SEP301645-45,False,2026-09-30T16:37:19.269564-04:00,1790800639.269564,460.73043608665466,no,20.00,18.200000,0.114700,1.685300,CLOSED,SETTLEMENT,1790801100.0
BTC,KXBTC15M-26SEP301715-15,False,2026-09-30T17:05:18.945831-04:00,1790802318.945831,581.0541689395905,yes,20.00,16.000000,0.224000,3.776000,CLOSED,SETTLEMENT,1790802900.0
ETH,KXETH15M-26SEP301715-15,False,2026-09-30T17:06:33.796398-04:00,1790802393.796398,506.2036020755768,yes,10.00,8.000000,0.112000,1.888000,CLOSED,SETTLEMENT,1790802900.0
SOL,KXSOL15M-26SEP301800-00,False,2026-09-30T17:51:34.563566-04:00,1790805094.563566,505.43643403053284,no,25.00,22.957000,0.131400,1.911600,CLOSED,SETTLEMENT,1790805600.0
XRP,KXXRP15M-26SEP301800-00,False,2026-09-30T17:51:56.357449-04:00,1790805116.357449,483.642550945282,no,20.00,17.800000,0.486400,-8.736400,CLOSED,HARD_STOP,1790805600.0
DOGE,KXDOGE15M-26SEP301800-00,False,2026-09-30T17:52:02.665216-04:00,1790805122.665216,477.3347840309143,no,10.00,9.230000,0.049800,0.720200,CLOSED,SETTLEMENT,1790805600.0
DOGE,KXDOGE15M-26SEP301815-15,False,2026-09-30T18:05:01.895870-04:00,1790805901.89587,598.1041300296783,no,10.00,9.043830,0.060570,0.895600,CLOSED,SETTLEMENT,1790806500.0
ETH,KXETH15M-26SEP301815-15,False,2026-09-30T18:06:01.516863-04:00,1790805961.516863,538.4831368923187,no,10.00,8.600000,0.084300,1.315700,CLOSED,SETTLEMENT,1790806500.0
SOL,KXSOL15M-26SEP301815-15,False,2026-09-30T18:06:24.514196-04:00,1790805984.514196,515.4858040809631,no,25.00,23.395000,0.105200,1.499800,CLOSED,SETTLEMENT,1790806500.0
BTC,KXBTC15M-26SEP301815-15,False,2026-09-30T18:06:30.503796-04:00,1790805990.503796,509.49620389938354,no,20.00,16.800000,0.188200,3.011800,CLOSED,SETTLEMENT,1790806500.0
ETH,KXETH15M-26SEP301830-30,False,2026-09-30T18:20:31.855182-04:00,1790806831.855182,568.1448180675507,yes,10.00,9.310000,0.045000,0.645000,CLOSED,SETTLEMENT,1790807400.0
DOGE,KXDOGE15M-26SEP301830-30,False,2026-09-30T18:22:55.392077-04:00,1790806975.392077,424.60792303085327,yes,10.00,9.513000,0.032500,0.454500,CLOSED,SETTLEMENT,1790807400.0
BTC,KXBTC15M-26SEP301900-00,False,2026-09-30T18:51:02.897783-04:00,1790808662.897783,537.1022169589996,no,20.00,17.400000,0.158400,2.441600,CLOSED,SETTLEMENT,1790809200.0
ETH,KXETH15M-26SEP301930-30,False,2026-09-30T19:21:37.907136-04:00,1790810497.907136,502.09286403656006,yes,10.00,9.156000,0.054100,0.789900,CLOSED,SETTLEMENT,1790811000.0
BTC,KXBTC15M-26SEP302015-15,False,2026-09-30T20:06:08.449550-04:00,1790813168.44955,531.5504500865936,no,20.00,16.800000,0.188200,3.011800,CLOSED,SETTLEMENT,1790813700.0
XRP,KXXRP15M-26SEP302015-15,False,2026-09-30T20:06:58.957095-04:00,1790813218.957095,481.0429050922394,yes,20.00,16.400000,0.551700,-5.751700,CLOSED,HARD_STOP,1790813700.0
ETH,KXETH15M-26SEP302015-15,False,2026-09-30T20:07:00.761586-04:00,1790813220.761586,479.23841404914856,no,10.00,8.600000,0.084300,1.315700,CLOSED,SETTLEMENT,1790813700.0
DOGE,KXDOGE15M-26SEP302130-30,False,2026-09-30T21:20:49.802962-04:00,1790817649.802962,550.197037935257,yes,10.00,9.402570,0.039330,0.558100,CLOSED,SETTLEMENT,1790818200.0
BTC,KXBTC15M-26SEP302145-45,False,2026-09-30T21:35:39.407331-04:00,1790818539.407331,560.5926690101624,no,20.00,18.440000,0.100700,1.459300,CLOSED,SETTLEMENT,1790819100.0
SOL,KXSOL15M-26SEP302145-45,False,2026-09-30T21:36:16.255802-04:00,1790818576.255802,523.7441980838776,no,25.00,23.875000,0.075200,1.049800,CLOSED,SETTLEMENT,1790819100.0
ETH,KXETH15M-26SEP302145-45,False,2026-09-30T21:37:39.897156-04:00,1790818659.897156,440.10284399986267,no,10.00,9.530000,0.031400,0.438600,CLOSED,SETTLEMENT,1790819100.0
ETH,KXETH15M-26SEP302230-30,False,2026-09-30T22:20:06.486787-04:00,1790821206.486787,593.5132129192352,no,10.00,9.232000,0.049700,0.718300,CLOSED,SETTLEMENT,1790821800.0
BTC,KXBTC15M-26SEP302230-30,False,2026-09-30T22:20:22.710688-04:00,1790821222.710688,577.2893118858337,no,20.00,18.600000,0.091200,1.308800,CLOSED,SETTLEMENT,1790821800.0
HYPE,KXHYPE15M-26SEP302230-30,False,2026-09-30T22:21:02.668712-04:00,1790821262.668712,537.3312880992889,no,10.00,9.514000,0.032400,0.453600,CLOSED,SETTLEMENT,1790821800.0
HYPE,KXHYPE15M-26SEP302300-00,False,2026-09-30T22:52:08.540860-04:00,1790823128.54086,471.45914006233215,no,10.00,9.079000,0.231100,-3.710100,CLOSED,HARD_STOP,1790823600.0
SOL,KXSOL15M-26SEP302315-15,False,2026-09-30T23:05:10.789948-04:00,1790823910.789948,589.2100520133972,no,25.00,20.250000,0.269400,4.480600,CLOSED,SETTLEMENT,1790824500.0
XRP,KXXRP15M-26OCT010000-00,False,2026-09-30T23:51:20.739081-04:00,1790826680.739081,519.2609190940857,yes,20.00,16.200000,0.215500,3.584500,CLOSED,SETTLEMENT,1790827200.0
BTC,KXBTC15M-26OCT010030-30,False,2026-10-01T00:20:50.784363-04:00,1790828450.784363,549.2156369686127,no,25.00,23.575000,0.094100,1.330900,CLOSED,SETTLEMENT,1790829000.0
ETH,KXETH15M-26OCT010045-45,False,2026-10-01T00:35:03.803034-04:00,1790829303.803034,596.1969659328461,no,10.00,8.900000,0.241900,-3.641900,CLOSED,HARD_STOP,1790829900.0
XRP,KXXRP15M-26OCT010100-00,False,2026-10-01T00:50:01.011406-04:00,1790830201.011406,598.9885940551758,yes,20.00,18.575000,0.092700,1.332300,CLOSED,SETTLEMENT,1790830800.0
BTC,KXBTC15M-26OCT010100-00,False,2026-10-01T00:50:08.378754-04:00,1790830208.378754,591.621246099472,yes,25.00,23.398980,0.104920,1.496100,CLOSED,SETTLEMENT,1790830800.0
SOL,KXSOL15M-26OCT010100-00,False,2026-10-01T00:50:18.434892-04:00,1790830218.434892,581.5651080608368,yes,25.00,23.775000,0.081600,1.143400,CLOSED,SETTLEMENT,1790830800.0
ETH,KXETH15M-26OCT010100-00,False,2026-10-01T00:50:25.347790-04:00,1790830225.34779,574.6522099971771,yes,10.00,9.600000,0.026900,0.373100,CLOSED,SETTLEMENT,1790830800.0
SOL,KXSOL15M-26OCT010145-45,False,2026-10-01T01:35:00.602478-04:00,1790832900.602478,599.3975219726562,yes,25.00,22.400000,0.163100,2.436900,CLOSED,SETTLEMENT,1790833500.0
XRP,KXXRP15M-26OCT010145-45,False,2026-10-01T01:37:54.393167-04:00,1790833074.393167,425.6068329811096,yes,20.00,18.380000,0.104300,1.515700,CLOSED,SETTLEMENT,1790833500.0
BTC,KXBTC15M-26OCT010200-00,False,2026-10-01T01:51:03.367659-04:00,1790833863.367659,536.6323409080505,yes,25.00,22.250000,0.171400,2.578600,CLOSED,SETTLEMENT,1790834400.0
XRP,KXXRP15M-26OCT010230-30,False,2026-10-01T02:21:06.254995-04:00,1790835666.254995,533.7450048923492,no,15.00,12.190000,0.422300,-4.962300,CLOSED,HARD_STOP,1790836200.0
BTC,KXBTC15M-26OCT010245-45,False,2026-10-01T02:37:00.498116-04:00,1790836620.498116,479.50188398361206,no,25.00,23.900000,0.073700,1.026300,CLOSED,SETTLEMENT,1790837100.0
DOGE,KXDOGE15M-26OCT010300-00,False,2026-10-01T02:51:50.458275-04:00,1790837510.458275,489.5417249202728,yes,15.00,14.371000,0.042200,0.586800,CLOSED,SETTLEMENT,1790838000.0
SOL,KXSOL15M-26OCT010615-15,False,2026-10-01T06:05:41.775278-04:00,1790849141.775278,558.2247219085693,no,25.00,23.827000,0.078300,1.094700,CLOSED,SETTLEMENT,1790849700.0
BTC,KXBTC15M-26OCT010615-15,False,2026-10-01T06:07:42.744514-04:00,1790849262.744514,437.2554860115051,no,25.00,23.875000,0.075300,1.049700,CLOSED,SETTLEMENT,1790849700.0
ETH,KXETH15M-26OCT010645-45,False,2026-10-01T06:37:13.685266-04:00,1790851033.685266,466.3147339820862,yes,10.00,9.600000,0.026900,0.373100,CLOSED,SETTLEMENT,1790851500.0
DOGE,KXDOGE15M-26OCT010745-45,False,2026-10-01T07:37:28.721835-04:00,1790854648.721835,451.278165102005,yes,15.00,14.129000,0.057500,0.813500,CLOSED,SETTLEMENT,1790855100.0
BTC,KXBTC15M-26OCT010945-45,False,2026-10-01T09:37:33.852010-04:00,1790861853.85201,446.147989988327,yes,25.00,23.650000,0.089400,1.260600,CLOSED,SETTLEMENT,1790862300.0
ETH,KXETH15M-26OCT010945-45,False,2026-10-01T09:37:49.040725-04:00,1790861869.040725,430.9592750072479,yes,10.00,9.410000,0.038900,0.551100,CLOSED,SETTLEMENT,1790862300.0
DOGE,KXDOGE15M-26OCT011015-15,False,2026-10-01T10:05:06.702914-04:00,1790863506.702914,593.2970860004425,no,15.00,14.010000,0.064800,0.925200,CLOSED,SETTLEMENT,1790864100.0
ETH,KXETH15M-26OCT011015-15,False,2026-10-01T10:05:12.402413-04:00,1790863512.402413,587.5975871086121,no,10.00,9.310000,0.218300,-4.028300,CLOSED,HARD_STOP,1790864100.0
BTC,KXBTC15M-26OCT011115-15,False,2026-10-01T11:05:28.234011-04:00,1790867128.234011,571.7659890651703,yes,25.00,22.500000,0.594300,-10.094300,CLOSED,HARD_STOP,1790867700.0
BTC,KXBTC15M-26OCT011200-00,False,2026-10-01T11:50:00.698114-04:00,1790869800.698114,599.3018860816956,yes,25.00,23.675000,0.087900,1.237100,CLOSED,SETTLEMENT,1790870400.0
ETH,KXETH15M-26OCT011200-00,False,2026-10-01T11:50:23.892238-04:00,1790869823.892238,576.1077620983124,yes,10.00,9.600000,0.026900,0.373100,CLOSED,SETTLEMENT,1790870400.0
ETH,KXETH15M-26OCT011215-15,False,2026-10-01T12:06:42.597895-04:00,1790870802.597895,497.4021050930023,yes,10.00,9.450000,0.036400,0.513600,CLOSED,SETTLEMENT,1790871300.0
BTC,KXBTC15M-26OCT011245-45,False,2026-10-01T12:35:01.838013-04:00,1790872501.838013,598.1619870662689,yes,25.00,23.100000,0.556100,-9.906100,CLOSED,HARD_STOP,1790873100.0
ETH,KXETH15M-26OCT011245-45,False,2026-10-01T12:35:34.585155-04:00,1790872534.585155,565.4148449897766,yes,10.00,9.510000,0.206600,-4.316600,CLOSED,HARD_STOP,1790873100.0
DOGE,KXDOGE15M-26OCT011245-45,False,2026-10-01T12:35:49.915070-04:00,1790872549.91507,550.0849299430847,yes,15.00,14.321000,0.304200,-8.025200,CLOSED,HARD_STOP,1790873100.0
BTC,KXBTC15M-26OCT011315-15,False,2026-10-01T13:05:01.052468-04:00,1790874301.052468,598.9475319385529,yes,25.00,23.000000,0.128900,1.871100,CLOSED,SETTLEMENT,1790874900.0
ETH,KXETH15M-26OCT011315-15,False,2026-10-01T13:05:15.892780-04:00,1790874315.89278,584.1072199344635,yes,10.00,9.590000,0.027600,0.382400,CLOSED,SETTLEMENT,1790874900.0
XRP,KXXRP15M-26OCT011315-15,False,2026-10-01T13:06:42.241802-04:00,1790874402.241802,497.7581980228424,yes,15.00,14.400000,0.040400,0.559600,CLOSED,SETTLEMENT,1790874900.0
BTC,KXBTC15M-26OCT011330-30,False,2026-10-01T13:20:01.322631-04:00,1790875201.322631,598.6773691177368,yes,25.00,23.700000,0.086300,1.213700,CLOSED,SETTLEMENT,1790875800.0
ETH,KXETH15M-26OCT011330-30,False,2026-10-01T13:20:04.984723-04:00,1790875204.984723,595.0152769088745,yes,10.00,9.330000,0.043800,0.626200,CLOSED,SETTLEMENT,1790875800.0
SOL,KXSOL15M-26OCT011330-30,False,2026-10-01T13:20:45.261934-04:00,1790875245.261934,554.7380659580231,yes,25.00,23.875000,0.075300,1.049700,CLOSED,SETTLEMENT,1790875800.0
DOGE,KXDOGE15M-26OCT011330-30,False,2026-10-01T13:21:37.397448-04:00,1790875297.397448,502.60255193710327,yes,15.00,14.381000,0.041600,0.577400,CLOSED,SETTLEMENT,1790875800.0
XRP,KXXRP15M-26OCT011330-30,False,2026-10-01T13:21:42.495074-04:00,1790875302.495074,497.5049259662628,yes,15.00,14.191000,0.053600,0.755400,CLOSED,SETTLEMENT,1790875800.0
ETH,KXETH15M-26OCT011445-45,False,2026-10-01T14:35:18.934785-04:00,1790879718.934785,581.0652151107788,yes,10.00,9.170000,0.053300,0.776700,CLOSED,SETTLEMENT,1790880300.0
BTC,KXBTC15M-26OCT011445-45,False,2026-10-01T14:35:22.706965-04:00,1790879722.706965,577.293035030365,yes,25.00,22.625000,0.150500,2.224500,CLOSED,SETTLEMENT,1790880300.0
SOL,KXSOL15M-26OCT011445-45,False,2026-10-01T14:36:03.958909-04:00,1790879763.958909,536.041090965271,yes,25.00,23.538000,0.096400,1.365600,CLOSED,SETTLEMENT,1790880300.0
BTC,KXBTC15M-26OCT011530-30,False,2026-10-01T15:22:48.678549-04:00,1790882568.678549,431.3214509487152,no,25.00,23.000000,0.128800,1.871200,CLOSED,SETTLEMENT,1790883000.0
DOGE,KXDOGE15M-26OCT011600-00,False,2026-10-01T15:51:09.632914-04:00,1790884269.632914,530.3670859336853,yes,15.00,14.210000,0.314800,-7.174800,CLOSED,HARD_STOP,1790884800.0
BTC,KXBTC15M-26OCT011615-15,False,2026-10-01T16:05:00.950560-04:00,1790885100.95056,599.049439907074,yes,25.00,22.775000,0.141900,2.083100,CLOSED,SETTLEMENT,1790885700.0
XRP,KXXRP15M-26OCT011645-45,False,2026-10-01T16:37:13.789879-04:00,1790887033.789879,466.2101209163666,no,15.00,14.112000,0.058500,0.829500,CLOSED,SETTLEMENT,1790887500.0
BTC,KXBTC15M-26OCT011645-45,False,2026-10-01T16:37:20.950583-04:00,1790887040.950583,459.0494170188904,no,25.00,21.250000,0.223200,3.526800,CLOSED,SETTLEMENT,1790887500.0
DOGE,KXDOGE15M-26OCT011645-45,False,2026-10-01T16:37:22.547754-04:00,1790887042.547754,457.45224595069885,no,15.00,13.895000,0.071700,1.033300,CLOSED,SETTLEMENT,1790887500.0
DOGE,KXDOGE15M-26OCT011745-45,False,2026-10-01T17:37:51.542475-04:00,1790890671.542475,428.4575250148773,no,15.00,14.265000,0.049000,0.686000,CLOSED,SETTLEMENT,1790891100.0
ETH,KXETH15M-26OCT011815-15,False,2026-10-01T18:05:13.926154-04:00,1790892313.926154,586.0738461017609,yes,10.00,9.580000,0.028200,0.391800,CLOSED,SETTLEMENT,1790892900.0
BTC,KXBTC15M-26OCT011815-15,False,2026-10-01T18:05:21.389771-04:00,1790892321.389771,578.6102290153503,yes,25.00,23.850000,0.076800,1.073200,CLOSED,SETTLEMENT,1790892900.0
ETH,KXETH15M-26OCT011900-00,False,2026-10-01T18:50:15.709874-04:00,1790895015.709874,584.2901260852814,no,10.00,8.900000,0.243000,-3.843000,CLOSED,HARD_STOP,1790895600.0
SOL,KXSOL15M-26OCT011900-00,False,2026-10-01T18:51:02.626012-04:00,1790895062.626012,537.3739879131317,no,25.00,23.400000,0.536100,-9.936100,CLOSED,HARD_STOP,1790895600.0
DOGE,KXDOGE15M-26OCT011900-00,False,2026-10-01T18:51:34.502546-04:00,1790895094.502546,505.4974539279938,no,15.00,13.898100,0.316300,-8.664400,CLOSED,HARD_STOP,1790895600.0
BTC,KXBTC15M-26OCT011930-30,False,2026-10-01T19:20:01.863585-04:00,1790896801.863585,598.1364150047302,yes,25.00,22.500000,0.157500,2.342500,CLOSED,SETTLEMENT,1790897400.0
DOGE,KXDOGE15M-26OCT011930-30,False,2026-10-01T19:22:57.915782-04:00,1790896977.915782,422.0842180252075,yes,15.00,14.013000,0.064600,0.922400,CLOSED,SETTLEMENT,1790897400.0
ETH,KXETH15M-26OCT011945-45,False,2026-10-01T19:35:22.497552-04:00,1790897722.497552,577.5024480819702,yes,10.00,9.039000,0.060900,0.900100,CLOSED,SETTLEMENT,1790898300.0
BTC,KXBTC15M-26OCT011945-45,False,2026-10-01T19:35:26.025138-04:00,1790897726.025138,573.9748620986938,yes,25.00,21.500000,0.210700,3.289300,CLOSED,SETTLEMENT,1790898300.0
BTC,KXBTC15M-26OCT012015-15,False,2026-10-01T20:05:02.193429-04:00,1790899502.193429,597.8065710067749,no,25.00,22.950000,0.512600,-15.462600,CLOSED,HARD_STOP,1790900100.0
BTC,KXBTC15M-26OCT012130-30,False,2026-10-01T21:20:50.529161-04:00,1790904050.529161,549.4708390235901,no,25.00,21.250000,0.223200,3.526800,CLOSED,SETTLEMENT,1790904600.0
SOL,KXSOL15M-26OCT012130-30,False,2026-10-01T21:21:23.219453-04:00,1790904083.219453,516.7805469036102,no,25.00,23.778000,0.489400,-15.017400,CLOSED,HARD_STOP,1790904600.0
ETH,KXETH15M-26OCT012130-30,False,2026-10-01T21:21:25.289846-04:00,1790904085.289846,514.7101540565491,no,10.00,9.430000,0.037700,0.532300,CLOSED,SETTLEMENT,1790904600.0
DOGE,KXDOGE15M-26OCT012130-30,False,2026-10-01T21:21:48.813662-04:00,1790904108.813662,491.18633794784546,no,15.00,14.265000,0.049000,0.686000,CLOSED,SETTLEMENT,1790904600.0
ETH,KXETH15M-26OCT012200-00,False,2026-10-01T21:50:38.336240-04:00,1790905838.33624,561.6637599468231,yes,10.00,9.120000,0.056200,0.823800,CLOSED,SETTLEMENT,1790906400.0
BTC,KXBTC15M-26OCT012200-00,False,2026-10-01T21:50:43.256436-04:00,1790905843.256436,556.7435638904572,yes,25.00,23.125000,0.121500,1.753500,CLOSED,SETTLEMENT,1790906400.0
SOL,KXSOL15M-26OCT012200-00,False,2026-10-01T21:50:56.001345-04:00,1790905856.001345,543.9986550807953,yes,25.00,23.332000,0.109000,1.559000,CLOSED,SETTLEMENT,1790906400.0
XRP,KXXRP15M-26OCT012200-00,False,2026-10-01T21:51:52.431942-04:00,1790905912.431942,487.568058013916,yes,15.00,14.355000,0.043300,0.601700,CLOSED,SETTLEMENT,1790906400.0
ETH,KXETH15M-26OCT012230-30,False,2026-10-01T22:21:42.786945-04:00,1790907702.786945,497.213054895401,no,10.00,9.565000,0.029200,0.405800,CLOSED,SETTLEMENT,1790908200.0
BTC,KXBTC15M-26OCT012230-30,False,2026-10-01T22:22:00.805626-04:00,1790907720.805626,479.19437408447266,no,25.00,24.000000,0.067200,0.932800,CLOSED,SETTLEMENT,1790908200.0
SOL,KXSOL15M-26OCT012300-00,False,2026-10-01T22:50:00.539698-04:00,1790909400.539698,599.4603021144867,yes,25.00,23.915000,0.072700,1.012300,CLOSED,SETTLEMENT,1790910000.0
ETH,KXETH15M-26OCT012300-00,False,2026-10-01T22:50:07.226806-04:00,1790909407.226806,592.7731940746307,yes,10.00,9.540000,0.030800,0.429200,CLOSED,SETTLEMENT,1790910000.0
BTC,KXBTC15M-26OCT012300-00,False,2026-10-01T22:50:18.280179-04:00,1790909418.280179,581.7198209762573,yes,25.00,22.500000,0.157500,2.342500,CLOSED,SETTLEMENT,1790910000.0
HYPE,KXHYPE15M-26OCT012300-00,False,2026-10-01T22:50:38.884609-04:00,1790909438.884609,561.1153910160065,yes,10.00,9.497000,0.033500,0.469500,CLOSED,SETTLEMENT,1790910000.0
DOGE,KXDOGE15M-26OCT012300-00,False,2026-10-01T22:50:40.091742-04:00,1790909440.091742,559.9082579612732,yes,15.00,14.111000,0.058600,0.830400,CLOSED,SETTLEMENT,1790910000.0
DOGE,KXDOGE15M-26OCT012315-15,False,2026-10-01T23:05:01.021551-04:00,1790910301.021551,598.9784491062164,yes,15.00,12.300000,0.415900,-4.615900,CLOSED,HARD_STOP,1790910900.0
BTC,KXBTC15M-26OCT012315-15,False,2026-10-01T23:05:04.885551-04:00,1790910304.885551,595.1144490242004,yes,25.00,22.725000,0.144800,2.130200,CLOSED,SETTLEMENT,1790910900.0
BTC,KXBTC15M-26OCT012345-45,False,2026-10-01T23:35:33.323996-04:00,1790912133.323996,566.6760039329529,yes,25.00,23.025000,0.127400,1.847600,CLOSED,SETTLEMENT,1790912700.0
ETH,KXETH15M-26OCT012345-45,False,2026-10-01T23:36:03.981221-04:00,1790912163.981221,536.0187790393829,yes,10.00,9.400000,0.214500,-4.714500,CLOSED,HARD_STOP,1790912700.0
ETH,KXETH15M-26OCT020030-30,False,2026-10-02T00:20:00.597036-04:00,1790914800.597036,599.4029641151428,yes,10.00,9.380000,0.040800,0.579200,CLOSED,SETTLEMENT,1790915400.0
XRP,KXXRP15M-26OCT020030-30,False,2026-10-02T00:20:32.679435-04:00,1790914832.679435,567.3205649852753,yes,15.00,14.220000,0.051800,0.728200,CLOSED,SETTLEMENT,1790915400.0
SOL,KXSOL15M-26OCT020030-30,False,2026-10-02T00:20:34.108515-04:00,1790914834.108515,565.8914849758148,yes,25.00,23.075000,0.124400,1.800600,CLOSED,SETTLEMENT,1790915400.0
HYPE,KXHYPE15M-26OCT020030-30,False,2026-10-02T00:21:04.508540-04:00,1790914864.50854,535.4914600849152,yes,10.00,9.480000,0.034600,0.485400,CLOSED,SETTLEMENT,1790915400.0
BTC,KXBTC15M-26OCT020045-45,False,2026-10-02T00:37:01.525774-04:00,1790915821.525774,478.4742259979248,no,25.00,23.875000,0.075300,1.049700,CLOSED,SETTLEMENT,1790916300.0
DOGE,KXDOGE15M-26OCT020045-45,False,2026-10-02T00:37:30.463585-04:00,1790915850.463585,449.53641510009766,no,15.00,13.350000,0.364600,-5.834600,CLOSED,HARD_STOP,1790916300.0
DOGE,KXDOGE15M-26OCT020115-15,False,2026-10-02T01:05:10.473959-04:00,1790917510.473959,589.5260410308838,no,15.00,13.652950,0.085850,1.261200,CLOSED,SETTLEMENT,1790918100.0
ETH,KXETH15M-26OCT020115-15,False,2026-10-02T01:06:00.889604-04:00,1790917560.889604,539.1103959083557,no,10.00,9.320000,0.044400,0.635600,CLOSED,SETTLEMENT,1790918100.0
BTC,KXBTC15M-26OCT020145-45,False,2026-10-02T01:37:05.136133-04:00,1790919425.136133,474.86386704444885,no,25.00,23.000000,0.128800,1.871200,CLOSED,SETTLEMENT,1790919900.0
DOGE,KXDOGE15M-26OCT020230-30,False,2026-10-02T02:22:16.393502-04:00,1790922136.393502,463.606498003006,yes,15.00,12.750000,0.133900,2.116100,CLOSED,SETTLEMENT,1790922600.0
ETH,KXETH15M-26OCT020330-30,False,2026-10-02T03:21:01.098582-04:00,1790925661.098582,538.9014179706573,no,10.00,9.360000,0.042000,0.598000,CLOSED,SETTLEMENT,1790926200.0
SOL,KXSOL15M-26OCT020330-30,False,2026-10-02T03:21:02.533565-04:00,1790925662.533565,537.4664349555969,no,25.00,23.076000,0.124300,1.799700,CLOSED,SETTLEMENT,1790926200.0
BTC,KXBTC15M-26OCT020415-15,False,2026-10-02T04:06:41.744574-04:00,1790928401.744574,498.2554259300232,yes,25.00,23.900000,0.073700,1.026300,CLOSED,SETTLEMENT,1790928900.0
BTC,KXBTC15M-26OCT020430-30,False,2026-10-02T04:21:19.205400-04:00,1790929279.2054,520.7946000099182,yes,25.00,24.000000,0.067200,0.932800,CLOSED,SETTLEMENT,1790929800.0
BTC,KXBTC15M-26OCT020545-45,False,2026-10-02T05:35:00.264319-04:00,1790933700.264319,599.7356810569763,yes,25.00,23.675000,0.087900,1.237100,CLOSED,SETTLEMENT,1790934300.0
ETH,KXETH15M-26OCT020630-30,False,2026-10-02T06:22:57.562253-04:00,1790936577.562253,422.43774700164795,no,10.00,9.170000,0.228300,-4.398300,CLOSED,HARD_STOP,1790937000.0
DOGE,KXDOGE15M-26OCT020645-45,False,2026-10-02T06:36:05.126016-04:00,1790937365.126016,534.8739840984344,yes,15.00,12.750000,0.133900,2.116100,CLOSED,SETTLEMENT,1790937900.0
DOGE,KXDOGE15M-26OCT020700-00,False,2026-10-02T06:50:02.633130-04:00,1790938202.63313,597.3668699264526,no,15.00,12.450000,0.148200,2.401800,CLOSED,SETTLEMENT,1790938800.0
ETH,KXETH15M-26OCT020700-00,False,2026-10-02T06:50:12.061254-04:00,1790938212.061254,587.9387459754944,no,10.00,9.500000,0.033300,0.466700,CLOSED,SETTLEMENT,1790938800.0
BTC,KXBTC15M-26OCT020700-00,False,2026-10-02T06:50:22.037356-04:00,1790938222.037356,577.9626441001892,no,25.00,22.825000,0.139100,2.035900,CLOSED,SETTLEMENT,1790938800.0
ETH,KXETH15M-26OCT020745-45,False,2026-10-02T07:35:13.220498-04:00,1790940913.220498,586.779501914978,yes,10.00,9.150000,0.054500,0.795500,CLOSED,SETTLEMENT,1790941500.0
BTC,KXBTC15M-26OCT020745-45,False,2026-10-02T07:37:06.738179-04:00,1790941026.738179,473.26182103157043,yes,25.00,22.500000,0.157500,2.342500,CLOSED,SETTLEMENT,1790941500.0
BTC,KXBTC15M-26OCT020800-00,False,2026-10-02T07:52:28.590691-04:00,1790941948.590691,451.4093089103699,yes,25.00,22.850000,0.540900,-14.390900,CLOSED,HARD_STOP,1790942400.0
BTC,KXBTC15M-26OCT020830-30,False,2026-10-02T08:20:28.785267-04:00,1790943628.785267,571.2147328853607,yes,25.00,23.500000,0.098700,1.401300,CLOSED,SETTLEMENT,1790944200.0
DOGE,KXDOGE15M-26OCT020845-45,False,2026-10-02T08:37:07.718473-04:00,1790944627.718473,472.2815270423889,yes,15.00,12.650000,0.355000,-8.655000,CLOSED,HARD_STOP,1790945100.0
DOGE,KXDOGE15M-26OCT020900-00,False,2026-10-02T08:50:03.195785-04:00,1790945403.195785,596.8042149543762,yes,15.00,13.050000,0.118800,1.831200,CLOSED,SETTLEMENT,1790946000.0
ETH,KXETH15M-26OCT020945-45,False,2026-10-02T09:35:01.064501-04:00,1790948101.064501,598.9354989528656,yes,10.00,9.570000,0.028900,0.401100,CLOSED,SETTLEMENT,1790948700.0
SOL,KXSOL15M-26OCT020945-45,False,2026-10-02T09:35:02.624519-04:00,1790948102.624519,597.375480890274,yes,25.00,23.624920,0.090980,1.284100,CLOSED,SETTLEMENT,1790948700.0
BTC,KXBTC15M-26OCT020945-45,False,2026-10-02T09:35:05.781934-04:00,1790948105.781934,594.2180659770966,yes,25.00,23.500000,0.098700,1.401300,CLOSED,SETTLEMENT,1790948700.0
XRP,KXXRP15M-26OCT020945-45,False,2026-10-02T09:36:13.128907-04:00,1790948173.128907,526.8710930347443,yes,15.00,14.310000,0.046100,0.643900,CLOSED,SETTLEMENT,1790948700.0
ETH,KXETH15M-26OCT021000-00,False,2026-10-02T09:52:01.690260-04:00,1790949121.69026,478.3097400665283,no,10.00,9.490000,0.033900,0.476100,CLOSED,SETTLEMENT,1790949600.0
BTC,KXBTC15M-26OCT021045-45,False,2026-10-02T10:35:02.087834-04:00,1790951702.087834,597.9121661186218,no,25.00,22.000000,0.184800,2.815200,CLOSED,SETTLEMENT,1790952300.0
BTC,KXBTC15M-26OCT021115-15,False,2026-10-02T11:05:47.855669-04:00,1790953547.855669,552.1443309783936,no,25.00,20.250000,0.269400,4.480600,CLOSED,SETTLEMENT,1790954100.0
BNB,KXBNB15M-26OCT021115-15,False,2026-10-02T11:06:10.911470-04:00,1790953570.91147,529.0885300636292,no,10.00,8.600000,0.256200,-3.186200,CLOSED,HARD_STOP,1790954100.0
BTC,KXBTC15M-26OCT021130-30,False,2026-10-02T11:22:46.287275-04:00,1790954566.287275,433.7127249240875,no,25.00,20.000000,0.280000,4.720000,CLOSED,SETTLEMENT,1790955000.0
ETH,KXETH15M-26OCT021145-45,False,2026-10-02T11:36:50.050770-04:00,1790955410.05077,489.9492299556732,no,10.00,8.200000,0.103400,1.696600,CLOSED,SETTLEMENT,1790955900.0
SOL,KXSOL15M-26OCT021145-45,False,2026-10-02T11:37:48.906483-04:00,1790955468.906483,431.0935170650482,no,25.00,20.250000,0.685800,-5.685800,CLOSED,HARD_STOP,1790955900.0
XRP,KXXRP15M-26OCT021215-15,False,2026-10-02T12:05:01.637455-04:00,1790957101.637455,598.3625450134277,yes,15.00,12.300000,0.417400,-5.067400,CLOSED,HARD_STOP,1790957700.0
SOL,KXSOL15M-26OCT021215-15,False,2026-10-02T12:05:04.090305-04:00,1790957104.090305,595.9096949100494,yes,25.00,21.750000,0.635500,-9.885500,CLOSED,HARD_STOP,1790957700.0
ETH,KXETH15M-26OCT021215-15,False,2026-10-02T12:05:10.940515-04:00,1790957110.940515,589.0594849586487,yes,10.00,8.800000,0.248400,-3.748400,CLOSED,HARD_STOP,1790957700.0
DOGE,KXDOGE15M-26OCT021215-15,False,2026-10-02T12:05:13.299609-04:00,1790957113.299609,586.7003910541534,yes,15.00,12.300000,0.417400,-5.067400,CLOSED,HARD_STOP,1790957700.0
BTC,KXBTC15M-26OCT021215-15,False,2026-10-02T12:05:14.939113-04:00,1790957114.939113,585.0608870983124,yes,25.00,22.550000,0.585900,-9.135900,CLOSED,HARD_STOP,1790957700.0
BNB,KXBNB15M-26OCT021215-15,False,2026-10-02T12:07:00.936869-04:00,1790957220.936869,479.0631310939789,yes,10.00,9.280000,0.220100,-4.000100,CLOSED,HARD_STOP,1790957700.0
HYPE,KXHYPE15M-26OCT021230-30,False,2026-10-02T12:22:53.533623-04:00,1790958173.533623,426.4663770198822,yes,10.00,8.240000,0.276500,-3.416500,CLOSED,HARD_STOP,1790958600.0
BTC,KXBTC15M-26OCT021430-30,False,2026-10-02T14:20:10.377623-04:00,1790965210.377623,589.6223769187927,no,25.00,22.250000,0.171400,2.578600,CLOSED,SETTLEMENT,1790965800.0
SOL,KXSOL15M-26OCT021430-30,False,2026-10-02T14:20:19.597367-04:00,1790965219.597367,580.4026329517365,no,25.00,23.978000,0.068700,0.953300,CLOSED,SETTLEMENT,1790965800.0
ETH,KXETH15M-26OCT021430-30,False,2026-10-02T14:21:00.771778-04:00,1790965260.771778,539.2282218933105,no,10.00,9.430000,0.037700,0.532300,CLOSED,SETTLEMENT,1790965800.0
BTC,KXBTC15M-26OCT021445-45,False,2026-10-02T14:35:17.580759-04:00,1790966117.580759,582.4192409515381,no,25.00,22.250000,0.171400,2.578600,CLOSED,SETTLEMENT,1790966700.0
ETH,KXETH15M-26OCT021445-45,False,2026-10-02T14:35:25.643462-04:00,1790966125.643462,574.3565380573273,no,10.00,8.400000,0.268900,-3.468900,CLOSED,HARD_STOP,1790966700.0
DOGE,KXDOGE15M-26OCT021445-45,False,2026-10-02T14:36:26.996437-04:00,1790966186.996437,513.0035629272461,no,10.00,9.583000,0.028000,0.389000,CLOSED,SETTLEMENT,1790966700.0
BTC,KXBTC15M-26OCT021615-15,False,2026-10-02T16:06:27.850346-04:00,1790971587.850346,512.1496539115906,yes,25.00,23.000000,0.128900,1.871100,CLOSED,SETTLEMENT,1790972100.0
DOGE,KXDOGE15M-26OCT021715-15,False,2026-10-02T17:05:05.562621-04:00,1790975105.562621,594.4373788833618,yes,10.00,8.600000,0.084300,1.315700,CLOSED,SETTLEMENT,1790975700.0
ETH,KXETH15M-26OCT021715-15,False,2026-10-02T17:05:12.514866-04:00,1790975112.514866,587.4851338863373,yes,10.00,8.000000,0.112000,1.888000,CLOSED,SETTLEMENT,1790975700.0
SOL,KXSOL15M-26OCT021715-15,False,2026-10-02T17:05:16.224809-04:00,1790975116.224809,583.7751910686493,yes,25.00,20.450000,0.260600,4.289400,CLOSED,SETTLEMENT,1790975700.0
