asset,market,entry_time_edt,entry_time_utc,seconds_remaining,side,outcome,net_pnl,since_latest_atr,run
ETH,KXETH15M-26SEP172015-15,2026-09-17T20:08:00.768763-04:00,2026-09-18T00:08:00.768763+00:00,419.231237,no,WIN,0.8205,False,
BTC,KXBTC15M-26SEP172015-15,2026-09-17T20:08:04.839951-04:00,2026-09-18T00:08:04.839951+00:00,415.160049,no,LOSS,-3.3632,False,
ETH,KXETH15M-26SEP172030-30,2026-09-17T20:23:00.777268-04:00,2026-09-18T00:23:00.777268+00:00,419.222732,no,WIN,0.5057,False,
BTC,KXBTC15M-26SEP172030-30,2026-09-17T20:23:03.796336-04:00,2026-09-18T00:23:03.796336+00:00,416.203664,no,WIN,0.6092,False,
XRP,KXXRP15M-26SEP172030-30,2026-09-17T20:23:14.838427-04:00,2026-09-18T00:23:14.838427+00:00,405.161573,no,WIN,1.3229,False,
BTC,KXBTC15M-26SEP172045-45,2026-09-17T20:38:00.788086-04:00,2026-09-18T00:38:00.788086+00:00,419.211914,yes,WIN,0.8514,False,
XRP,KXXRP15M-26SEP172045-45,2026-09-17T20:38:02.526847-04:00,2026-09-18T00:38:02.526847+00:00,417.473153,yes,LOSS,-3.8213,False,
ETH,KXETH15M-26SEP172045-45,2026-09-17T20:38:35.013584-04:00,2026-09-18T00:38:35.013584+00:00,384.986416,yes,WIN,0.5701,False,
BTC,KXBTC15M-26SEP172115-15,2026-09-17T21:08:25.788268-04:00,2026-09-18T01:08:25.788268+00:00,394.211732,yes,LOSS,-0.5183,False,
SOL,KXSOL15M-26SEP172130-30,2026-09-17T21:23:10.802291-04:00,2026-09-18T01:23:10.802291+00:00,409.197709,yes,WIN,0.9244,False,
SOL,KXSOL15M-26SEP172145-45,2026-09-17T21:38:10.811196-04:00,2026-09-18T01:38:10.811196+00:00,409.188804,yes,WIN,0.8495,False,
XRP,KXXRP15M-26SEP172145-45,2026-09-17T21:38:21.813642-04:00,2026-09-18T01:38:21.813642+00:00,398.186358,yes,WIN,0.9458,False,
XRP,KXXRP15M-26SEP172200-00,2026-09-17T21:53:24.800865-04:00,2026-09-18T01:53:24.800865+00:00,395.199135,yes,WIN,1.3144,False,
XRP,KXXRP15M-26SEP172215-15,2026-09-17T22:08:00.795620-04:00,2026-09-18T02:08:00.795620+00:00,419.20438,no,LOSS,-3.3348,False,
ETH,KXETH15M-26SEP172215-15,2026-09-17T22:08:07.827290-04:00,2026-09-18T02:08:07.827290+00:00,412.17271,no,WIN,0.9458,False,
BTC,KXBTC15M-26SEP172215-15,2026-09-17T22:08:26.812012-04:00,2026-09-18T02:08:26.812012+00:00,393.187988,no,LOSS,-3.9727,False,
SOL,KXSOL15M-26SEP172245-45,2026-09-17T22:38:00.720457-04:00,2026-09-18T02:38:00.720457+00:00,419.279543,yes,LOSS,-4.5206,False,
BTC,KXBTC15M-26SEP172245-45,2026-09-17T22:38:04.156738-04:00,2026-09-18T02:38:04.156738+00:00,415.843262,yes,WIN,0.7866,False,
XRP,KXXRP15M-26SEP172245-45,2026-09-17T22:38:07.367074-04:00,2026-09-18T02:38:07.367074+00:00,412.632926,yes,WIN,0.4669,False,
BTC,KXBTC15M-26SEP172315-15,2026-09-17T23:08:23.099220-04:00,2026-09-18T03:08:23.099220+00:00,396.90078,yes,WIN,1.1138,False,
ETH,KXETH15M-26SEP180230-30,2026-09-18T02:23:04.759474-04:00,2026-09-18T06:23:04.759474+00:00,415.240526,yes,WIN,0.8514,False,
BTC,KXBTC15M-26SEP180230-30,2026-09-18T02:23:17.804085-04:00,2026-09-18T06:23:17.804085+00:00,402.195915,yes,WIN,0.9244,False,
SOL,KXSOL15M-26SEP180230-30,2026-09-18T02:23:25.786812-04:00,2026-09-18T06:23:25.786812+00:00,394.213188,yes,WIN,0.5769,False,
XRP,KXXRP15M-26SEP180300-00,2026-09-18T02:53:26.765277-04:00,2026-09-18T06:53:26.765277+00:00,393.234723,no,WIN,0.6603,False,/root/Project15/data/cloud/XRP-atr-v5/paper.db
XRP,KXXRP15M-26SEP180600-00,2026-09-18T05:53:18.785229-04:00,2026-09-18T09:53:18.785229+00:00,401.214771,yes,WIN,0.6924,False,/root/Project15/data/cloud/XRP-atr-v5/paper.db
XRP,KXXRP15M-26SEP180630-30,2026-09-18T06:23:03.064467-04:00,2026-09-18T10:23:03.064467+00:00,416.935533,yes,WIN,0.833,False,/root/Project15/data/cloud/XRP-atr-v5/paper.db
SOL,KXSOL15M-26SEP180800-00,2026-09-18T07:53:00.906959-04:00,2026-09-18T11:53:00.906959+00:00,419.093041,yes,WIN,0.5258,False,/root/Project15/data/cloud/SOL-atr-v5/paper.db
BTC,KXBTC15M-26SEP180930-30,2026-09-18T09:23:06.893658-04:00,2026-09-18T13:23:06.893658+00:00,413.106342,yes,WIN,0.5594,False,/root/Project15/data/cloud/BTC-atr-v5/paper.db
SOL,KXSOL15M-26SEP180930-30,2026-09-18T09:23:23.840338-04:00,2026-09-18T13:23:23.840338+00:00,396.159662,yes,WIN,0.4762,False,/root/Project15/data/cloud/SOL-atr-v5/paper.db
XRP,KXXRP15M-26SEP180930-30,2026-09-18T09:23:25.270700-04:00,2026-09-18T13:23:25.270700+00:00,394.7293,yes,WIN,0.5312,False,/root/Project15/data/cloud/XRP-atr-v5/paper.db
ETH,KXETH15M-26SEP180930-30,2026-09-18T09:23:28.908641-04:00,2026-09-18T13:23:28.908641+00:00,391.091359,yes,WIN,0.4548,False,/root/Project15/data/cloud/ETH-atr-v5/paper.db
XRP,KXXRP15M-26SEP181200-00,2026-09-18T11:53:33.447606-04:00,2026-09-18T15:53:33.447606+00:00,386.552394,yes,WIN,0.3597,False,/root/Project15/data/cloud/XRP-atr-v5/paper.db
XRP,KXXRP15M-26SEP181315-15,2026-09-18T13:08:31.702001-04:00,2026-09-18T17:08:31.702001+00:00,388.297999,no,LOSS,-4.8369,False,/root/Project15/data/cloud/XRP-atr-v5/paper.db
BTC,KXBTC15M-26SEP181430-30,2026-09-18T14:23:02.610862-04:00,2026-09-18T18:23:02.610862+00:00,417.389138,yes,LOSS,-3.1826,False,/root/Project15/data/cloud/BTC-entry420-20260918/paper.db
BTC,KXBTC15M-26SEP181445-45,2026-09-18T14:38:52.704239-04:00,2026-09-18T18:38:52.704239+00:00,367.295761,yes,LOSS,-3.1498,False,/root/Project15/data/cloud/BTC-entry420-20260918/paper.db
BTC,KXBTC15M-26SEP181515-15,2026-09-18T15:08:01.404993-04:00,2026-09-18T19:08:01.404993+00:00,418.595007,yes,WIN,1.3144,False,/root/Project15/data/cloud/BTC-no-bollinger-20260918/paper.db
ETH,KXETH15M-26SEP181515-15,2026-09-18T15:08:10.797987-04:00,2026-09-18T19:08:10.797987+00:00,409.202013,yes,WIN,0.8514,False,/root/Project15/data/cloud/ETH-atr125-20260918/paper.db
BTC,KXBTC15M-26SEP181545-45,2026-09-18T15:38:44.195428-04:00,2026-09-18T19:38:44.195428+00:00,375.804572,no,LOSS,-2.9109,False,/root/Project15/data/cloud/BTC-no-bollinger-20260918/paper.db
BTC,KXBTC15M-26SEP181615-15,2026-09-18T16:08:43.213668-04:00,2026-09-18T20:08:43.213668+00:00,376.786332,no,WIN,0.8407,False,/root/Project15/data/cloud/BTC-no-bollinger-20260918/paper.db
XRP,KXXRP15M-26SEP181645-45,2026-09-18T16:38:04.079556-04:00,2026-09-18T20:38:04.079556+00:00,415.920444,no,LOSS,-2.2184,False,/root/Project15/data/cloud/XRP-no-bollinger-20260918/paper.db
SOL,KXSOL15M-26SEP181645-45,2026-09-18T16:38:08.776679-04:00,2026-09-18T20:38:08.776679+00:00,411.223321,no,LOSS,-4.2488,False,/root/Project15/data/cloud/SOL-no-bollinger-20260918/paper.db
XRP,KXXRP15M-26SEP181700-00,2026-09-18T16:53:49.562885-04:00,2026-09-18T20:53:49.562885+00:00,370.437115,no,WIN,0.83,False,/root/Project15/data/cloud/XRP-no-bollinger-20260918/paper.db
XRP,KXXRP15M-26SEP181715-15,2026-09-18T17:08:20.506164-04:00,2026-09-18T21:08:20.506164+00:00,399.493836,yes,WIN,0.4621,False,/root/Project15/data/cloud/XRP-no-bollinger-20260918/paper.db
SOL,KXSOL15M-26SEP181730-30,2026-09-18T17:23:01.014465-04:00,2026-09-18T21:23:01.014465+00:00,418.985535,no,WIN,1.019,False,/root/Project15/data/cloud/SOL-no-bollinger-20260918/paper.db
XRP,KXXRP15M-26SEP181730-30,2026-09-18T17:23:34.548243-04:00,2026-09-18T21:23:34.548243+00:00,385.451757,no,WIN,0.9244,False,/root/Project15/data/cloud/XRP-no-bollinger-20260918/paper.db
GOLD,KXGOLD15M-26SEP181800-00,2026-09-18T17:53:03.916621-04:00,2026-09-18T21:53:03.916621+00:00,416.083379,yes,WIN,0.5714,False,/root/Project15/data/cloud/GOLD-no-bollinger-20260918/paper.db
WTI,KXWTI15M-26SEP181845-45,2026-09-18T18:38:02.481333-04:00,2026-09-18T22:38:02.481333+00:00,417.518667,yes,WIN,0.3888,False,/root/Project15/data/cloud/WTI-no-bollinger-20260918/paper.db
XRP,KXXRP15M-26SEP182100-00,2026-09-18T20:53:56.935141-04:00,2026-09-19T00:53:56.935141+00:00,363.064859,no,WIN,0.6406,False,/root/Project15/data/cloud/XRP-no-bollinger-20260918/paper.db
SILVER,KXSILVER15M-26SEP182115-15,2026-09-18T21:08:57.676987-04:00,2026-09-19T01:08:57.676987+00:00,362.323013,no,LOSS,-4.688,False,/root/Project15/data/cloud/SILVER-no-bollinger-20260918/paper.db
XRP,KXXRP15M-26SEP182130-30,2026-09-18T21:23:05.736148-04:00,2026-09-19T01:23:05.736148+00:00,414.263852,no,LOSS,-3.4106,False,/root/Project15/data/cloud/XRP-no-bollinger-20260918/paper.db
SILVER,KXSILVER15M-26SEP182200-00,2026-09-18T21:53:01.803273-04:00,2026-09-19T01:53:01.803273+00:00,418.196727,yes,WIN,0.6051,False,/root/Project15/data/cloud/SILVER-no-bollinger-20260918/paper.db
BTC,KXBTC15M-26SEP182200-00,2026-09-18T21:53:05.450529-04:00,2026-09-19T01:53:05.450529+00:00,414.549471,yes,WIN,0.4642,False,/root/Project15/data/cloud/BTC-no-bollinger-20260918/paper.db
SOL,KXSOL15M-26SEP182200-00,2026-09-18T21:53:31.934345-04:00,2026-09-19T01:53:31.934345+00:00,388.065655,yes,LOSS,-3.9378,False,/root/Project15/data/cloud/SOL-no-bollinger-20260918/paper.db
ETH,KXETH15M-26SEP182230-30,2026-09-18T22:23:51.122013-04:00,2026-09-19T02:23:51.122013+00:00,368.877987,yes,WIN,0.8419,False,/root/Project15/data/cloud/ETH-atr110-20260919/paper.db
XRP,KXXRP15M-26SEP182230-30,2026-09-18T22:23:55.916200-04:00,2026-09-19T02:23:55.916200+00:00,364.0838,yes,LOSS,-4.0167,False,/root/Project15/data/cloud/XRP-no-bollinger-20260918/paper.db
BTC,KXBTC15M-26SEP182245-45,2026-09-18T22:38:00.944699-04:00,2026-09-19T02:38:00.944699+00:00,419.055301,yes,LOSS,-2.8811,False,/root/Project15/data/cloud/BTC-atr125-20260919/paper.db
XRP,KXXRP15M-26SEP182245-45,2026-09-18T22:38:02.790445-04:00,2026-09-19T02:38:02.790445+00:00,417.209555,yes,WIN,0.4417,False,/root/Project15/data/cloud/XRP-no-bollinger-20260918/paper.db
ETH,KXETH15M-26SEP182245-45,2026-09-18T22:38:22.347597-04:00,2026-09-19T02:38:22.347597+00:00,397.652403,yes,WIN,0.3691,False,/root/Project15/data/cloud/ETH-atr110-20260919/paper.db
XRP,KXXRP15M-26SEP182300-00,2026-09-18T22:53:58.081008-04:00,2026-09-19T02:53:58.081008+00:00,361.918992,no,WIN,0.3761,False,/root/Project15/data/cloud/XRP-no-bollinger-20260918/paper.db
ETH,KXETH15M-26SEP190015-15,2026-09-19T00:08:01.419711-04:00,2026-09-19T04:08:01.419711+00:00,418.580289,yes,WIN,0.6108,False,/root/Project15/data/cloud/ETH-no-spread-20260919/paper.db
BTC,KXBTC15M-26SEP190030-30,2026-09-19T00:23:02.589923-04:00,2026-09-19T04:23:02.589923+00:00,417.410077,no,WIN,0.9314,False,/root/Project15/data/cloud/BTC-atr130-20260919/paper.db
XRP,KXXRP15M-26SEP190030-30,2026-09-19T00:23:35.293682-04:00,2026-09-19T04:23:35.293682+00:00,384.706318,no,WIN,0.3761,False,/root/Project15/data/cloud/XRP-no-spread-20260919/paper.db
XRP,KXXRP15M-26SEP190045-45,2026-09-19T00:38:28.230721-04:00,2026-09-19T04:38:28.230721+00:00,391.769279,no,WIN,0.5478,False,/root/Project15/data/cloud/XRP-no-spread-20260919/paper.db
BTC,KXBTC15M-26SEP190115-15,2026-09-19T01:08:04.870241-04:00,2026-09-19T05:08:04.870241+00:00,415.129759,yes,WIN,0.4229,False,/root/Project15/data/cloud/BTC-entry420-revert-20260919/paper.db
XRP,KXXRP15M-26SEP190115-15,2026-09-19T01:08:08.107000-04:00,2026-09-19T05:08:08.107000+00:00,411.893,yes,WIN,1.2157,False,/root/Project15/data/cloud/XRP-entry420-revert-20260919/paper.db
SOL,KXSOL15M-26SEP190130-30,2026-09-19T01:23:01.361013-04:00,2026-09-19T05:23:01.361013+00:00,418.638987,yes,WIN,0.7898,False,/root/Project15/data/cloud/SOL-entry420-revert-20260919/paper.db
ETH,KXETH15M-26SEP190145-45,2026-09-19T01:38:01.130353-04:00,2026-09-19T05:38:01.130353+00:00,418.869647,yes,LOSS,-4.154,False,/root/Project15/data/cloud/ETH-btc125-eth110-20260919/paper.db
ETH,KXETH15M-26SEP190200-00,2026-09-19T01:53:46.914353-04:00,2026-09-19T05:53:46.914353+00:00,373.085647,yes,WIN,0.5149,False,/root/Project15/data/cloud/ETH-btc125-eth110-20260919/paper.db
SOL,KXSOL15M-26SEP190300-00,2026-09-19T02:53:27.965854-04:00,2026-09-19T06:53:27.965854+00:00,392.034146,no,LOSS,-1.968,False,/root/Project15/data/cloud/SOL-entry480-price97-20260919/paper.db
BTC,KXBTC15M-26SEP190315-15,2026-09-19T03:08:49.042475-04:00,2026-09-19T07:08:49.042475+00:00,370.957525,yes,WIN,0.7992,False,/root/Project15/data/cloud/BTC-entry480-price97-20260919/paper.db
ETH,KXETH15M-26SEP190345-45,2026-09-19T03:38:03.874379-04:00,2026-09-19T07:38:03.874379+00:00,416.125621,no,WIN,0.4361,False,/root/Project15/data/cloud/ETH-entry480-price97-20260919/paper.db
ETH,KXETH15M-26SEP191030-30,2026-09-19T10:23:00.775857-04:00,2026-09-19T14:23:00.775857+00:00,419.224143,yes,WIN,0.3199,False,/root/Project15/data/cloud/ETH-entry420-price97-20260919/paper.db
XRP,KXXRP15M-26SEP191030-30,2026-09-19T10:23:02.421819-04:00,2026-09-19T14:23:02.421819+00:00,417.578181,yes,WIN,0.2954,False,/root/Project15/data/cloud/XRP-entry420-price97-20260919/paper.db
SOL,KXSOL15M-26SEP191045-45,2026-09-19T10:38:01.353108-04:00,2026-09-19T14:38:01.353108+00:00,418.646892,no,WIN,0.4042,False,/root/Project15/data/cloud/SOL-entry420-price97-20260919/paper.db
ETH,KXETH15M-26SEP191045-45,2026-09-19T10:38:05.086128-04:00,2026-09-19T14:38:05.086128+00:00,414.913872,no,WIN,0.2731,False,/root/Project15/data/cloud/ETH-entry420-price97-20260919/paper.db
XRP,KXXRP15M-26SEP191045-45,2026-09-19T10:38:53.118936-04:00,2026-09-19T14:38:53.118936+00:00,366.881064,no,WIN,0.4183,False,/root/Project15/data/cloud/XRP-entry420-price97-20260919/paper.db
ETH,KXETH15M-26SEP191115-15,2026-09-19T11:08:00.929509-04:00,2026-09-19T15:08:00.929509+00:00,419.070491,yes,WIN,0.217,False,/root/Project15/data/cloud/ETH-entry420-price97-20260919/paper.db
BTC,KXBTC15M-26SEP191115-15,2026-09-19T11:08:05.394735-04:00,2026-09-19T15:08:05.394735+00:00,414.605265,yes,WIN,0.4792,False,/root/Project15/data/cloud/BTC-entry420-price97-20260919/paper.db
SOL,KXSOL15M-26SEP191115-15,2026-09-19T11:08:10.385919-04:00,2026-09-19T15:08:10.385919+00:00,409.614081,yes,WIN,0.1983,False,/root/Project15/data/cloud/SOL-entry420-price97-20260919/paper.db
ETH,KXETH15M-26SEP191315-15,2026-09-19T13:08:04.258892-04:00,2026-09-19T17:08:04.258892+00:00,415.741108,yes,WIN,1.026,False,/root/Project15/data/cloud/ETH-entry420-price97-20260919/paper.db
XRP,KXXRP15M-26SEP191315-15,2026-09-19T13:08:10.005495-04:00,2026-09-19T17:08:10.005495+00:00,409.994505,yes,WIN,0.5074,False,/root/Project15/data/cloud/XRP-entry420-price97-20260919/paper.db
XRP,KXXRP15M-26SEP191330-30,2026-09-19T13:23:23.808582-04:00,2026-09-19T17:23:23.808582+00:00,396.191418,no,WIN,0.1889,False,/root/Project15/data/cloud/XRP-entry420-price97-20260919/paper.db
BTC,KXBTC15M-26SEP191330-30,2026-09-19T13:23:43.523432-04:00,2026-09-19T17:23:43.523432+00:00,376.476568,no,WIN,0.4511,False,/root/Project15/data/cloud/BTC-entry420-price97-20260919/paper.db
SOL,KXSOL15M-26SEP191330-30,2026-09-19T13:23:45.544293-04:00,2026-09-19T17:23:45.544293+00:00,374.455707,no,WIN,0.188,False,/root/Project15/data/cloud/SOL-entry420-price97-20260919/paper.db
XRP,KXXRP15M-26SEP191345-45,2026-09-19T13:38:04.131388-04:00,2026-09-19T17:38:04.131388+00:00,415.868612,no,WIN,0.3517,False,/root/Project15/data/cloud/XRP-entry420-price97-20260919/paper.db
XRP,KXXRP15M-26SEP191445-45,2026-09-19T14:38:12.454693-04:00,2026-09-19T18:38:12.454693+00:00,407.545307,yes,WIN,0.2553,False,/root/Project15/data/cloud/XRP-entry420-price97-20260919/paper.db
ETH,KXETH15M-26SEP191500-00,2026-09-19T14:53:01.693871-04:00,2026-09-19T18:53:01.693871+00:00,418.306129,no,WIN,0.4417,True,/root/Project15/data/cloud/ETH-btc120-eth105-20260919/paper.db
BTC,KXBTC15M-26SEP191500-00,2026-09-19T14:53:05.800675-04:00,2026-09-19T18:53:05.800675+00:00,414.199325,no,WIN,1.1208,True,/root/Project15/data/cloud/BTC-btc120-eth105-20260919/paper.db
BTC,KXBTC15M-26SEP191545-45,2026-09-19T15:38:11.016085-04:00,2026-09-19T19:38:11.016085+00:00,408.983915,no,WIN,1.3107,True,/root/Project15/data/cloud/BTC-btc120-eth105-20260919/paper.db
ETH,KXETH15M-26SEP191630-30,2026-09-19T16:23:26.854255-04:00,2026-09-19T20:23:26.854255+00:00,393.145745,yes,WIN,0.5939,True,/root/Project15/data/cloud/ETH-btc120-eth105-20260919/paper.db
BTC,KXBTC15M-26SEP191700-00,2026-09-19T16:53:01.180387-04:00,2026-09-19T20:53:01.180387+00:00,418.819613,no,WIN,0.3105,True,/root/Project15/data/cloud/BTC-btc120-eth105-20260919/paper.db
SOL,KXSOL15M-26SEP191700-00,2026-09-19T16:53:13.006685-04:00,2026-09-19T20:53:13.006685+00:00,406.993315,no,WIN,0.6485,True,/root/Project15/data/cloud/SOL-entry420-price97-20260919/paper.db
XRP,KXXRP15M-26SEP191700-00,2026-09-19T16:53:34.074707-04:00,2026-09-19T20:53:34.074707+00:00,385.925293,no,WIN,0.4056,True,/root/Project15/data/cloud/XRP-entry420-price97-20260919/paper.db
XRP,KXXRP15M-26SEP191745-45,2026-09-19T17:38:01.073865-04:00,2026-09-19T21:38:01.073865+00:00,418.926135,no,WIN,0.3339,True,/root/Project15/data/cloud/XRP-entry420-price97-20260919/paper.db
SOL,KXSOL15M-26SEP191745-45,2026-09-19T17:38:05.337731-04:00,2026-09-19T21:38:05.337731+00:00,414.662269,no,WIN,0.1983,True,/root/Project15/data/cloud/SOL-entry420-price97-20260919/paper.db
ETH,KXETH15M-26SEP191800-00,2026-09-19T17:53:00.796229-04:00,2026-09-19T21:53:00.796229+00:00,419.203771,yes,WIN,0.3199,True,/root/Project15/data/cloud/ETH-btc120-eth105-20260919/paper.db
BTC,KXBTC15M-26SEP191800-00,2026-09-19T17:53:05.144059-04:00,2026-09-19T21:53:05.144059+00:00,414.855941,yes,WIN,0.5732,True,/root/Project15/data/cloud/BTC-btc120-eth105-20260919/paper.db
SOL,KXSOL15M-26SEP191800-00,2026-09-19T17:53:07.010864-04:00,2026-09-19T21:53:07.010864+00:00,412.989136,yes,WIN,0.217,True,/root/Project15/data/cloud/SOL-entry420-price97-20260919/paper.db
SOL,KXSOL15M-26SEP191815-15,2026-09-19T18:08:01.013209-04:00,2026-09-19T22:08:01.013209+00:00,418.986791,no,WIN,0.545,True,/root/Project15/data/cloud/SOL-entry420-price97-20260919/paper.db
BTC,KXBTC15M-26SEP191845-45,2026-09-19T18:38:00.771920-04:00,2026-09-19T22:38:00.771920+00:00,419.22808,yes,WIN,0.3854,True,/root/Project15/data/cloud/BTC-btc120-eth105-20260919/paper.db
SOL,KXSOL15M-26SEP191845-45,2026-09-19T18:38:02.466347-04:00,2026-09-19T22:38:02.466347+00:00,417.533653,yes,WIN,0.7763,True,/root/Project15/data/cloud/SOL-entry420-price97-20260919/paper.db
ETH,KXETH15M-26SEP191845-45,2026-09-19T18:38:07.769658-04:00,2026-09-19T22:38:07.769658+00:00,412.230342,yes,WIN,0.4417,True,/root/Project15/data/cloud/ETH-btc120-eth105-20260919/paper.db
XRP,KXXRP15M-26SEP191900-00,2026-09-19T18:53:01.423901-04:00,2026-09-19T22:53:01.423901+00:00,418.576099,yes,WIN,0.498,True,/root/Project15/data/cloud/XRP-entry420-price97-20260919/paper.db
XRP,KXXRP15M-26SEP191930-30,2026-09-19T19:23:01.153503-04:00,2026-09-19T23:23:01.153503+00:00,418.846497,no,WIN,0.2979,True,/root/Project15/data/cloud/XRP-entry420-price97-20260919/paper.db
ETH,KXETH15M-26SEP191930-30,2026-09-19T19:23:07.080121-04:00,2026-09-19T23:23:07.080121+00:00,412.919879,no,WIN,0.2431,True,/root/Project15/data/cloud/ETH-btc120-eth105-20260919/paper.db
XRP,KXXRP15M-26SEP192015-15,2026-09-19T20:08:01.107188-04:00,2026-09-20T00:08:01.107188+00:00,418.892812,no,WIN,0.2918,True,/root/Project15/data/cloud/XRP-entry420-price97-20260919/paper.db
SOL,KXSOL15M-26SEP192015-15,2026-09-19T20:08:04.959181-04:00,2026-09-20T00:08:04.959181+00:00,415.040819,no,WIN,0.6484,True,/root/Project15/data/cloud/SOL-entry420-price97-20260919/paper.db
ETH,KXETH15M-26SEP192015-15,2026-09-19T20:08:09.573728-04:00,2026-09-20T00:08:09.573728+00:00,410.426272,no,WIN,0.2693,True,/root/Project15/data/cloud/ETH-btc120-eth105-20260919/paper.db
