ticker,date,side,qty,entry,pnl,remaining,confidence,edge,momentum_60,momentum_180,bid5_cover,book_age,model_age,bypass,stop_price,settlement
KXBTC15M-26OCT021900-00,2026-10-02T18:56:05.602206-04:00,yes,25.0,0.82,4.2417,236.7570984363556,0.8342450452393643,0.014245045239364318,0.00014587971442603376,0.00013960825922465503,391.12120000000004,0.033364295959472656,0.17975926399230957,False,0.55,yes
KXBTC15M-26OCT021915-15,2026-10-02T19:08:25.661292-04:00,no,25.0,0.86,3.2893,395.32478380203247,0.8404642170309575,-0.01953578296904246,9.502054479071376e-05,0.00034733489673466345,834.4352,0.04015660285949707,0.6359724998474121,False,0.55,no
KXBTC15M-26OCT021930-30,2026-10-02T19:26:25.535229-04:00,yes,25.0,0.9267976,1.7113,218.0539481639862,0.8364247507433428,-0.08857524925665727,0.00012781768464176224,0.0002768612199695042,259.4932,0.010611534118652344,0.8783783912658691,False,0.55,yes
KXBTC15M-26OCT021945-45,2026-10-02T19:43:54.735272-04:00,no,25.0,0.83,-2.5752,65.81273198127747,0.8346984892599156,0.0046984892599156725,-6.27022591503934e-05,-0.00018635522429422124,346.88160000000005,0.028698205947875977,0.12846636772155762,False,0.55,no
KXBTC15M-26OCT022000-00,2026-10-02T19:55:20.676489-04:00,no,25.0,0.89,2.5786,280.7778959274292,0.8300464577227138,-0.05995354227728622,0.00025838980089087915,0.0005557749559691461,432.06199999999995,0.0070345401763916016,0.1514289379119873,False,0.55,no
KXBTC15M-26OCT022015-15,2026-10-02T20:05:10.740714-04:00,no,25.0,0.83,-8.9345,593.6621713638306,0.8325864982955964,0.012586498295596438,0.00027711520819162505,0.00032965625552638933,449.8548,0.19424915313720703,0.22527360916137695,False,0.55,no
KXBTC15M-26OCT022030-30,2026-10-02T20:27:55.469426-04:00,yes,25.0,0.915,1.9888,125.73402404785156,0.8303063235585165,-0.07969367644148351,-2.0703316505721325e-05,-8.754649872488862e-06,199.2928,0.6265418529510498,1.1351258754730225,True,0.55,yes
KXBTC15M-26OCT022045-45,2026-10-02T20:35:00.916066-04:00,yes,25.0,0.85,3.5268,599.7624492645264,0.8517203025744944,0.0017203025744944034,0.0001096883927695913,0.000335050595713815,642.494,0.00885009765625,0.16206693649291992,False,0.55,yes
KXBTC15M-26OCT022100-00,2026-10-02T20:53:32.661818-04:00,yes,25.0,0.88,2.8152,388.80563950538635,0.8308374521213003,-0.03916254787869966,-1.653709263971237e-05,-2.846708413650756e-05,453.70120000000003,0.0623326301574707,0.13419365882873535,False,0.55,yes
KXBTC15M-26OCT022115-15,2026-10-02T21:11:06.727228-04:00,yes,25.0,0.902,-15.5722,234.47150993347168,0.838902685290306,-0.06109731470969404,0.00013760230406489882,0.00030490210764022585,384.4588,0.04868507385253906,0.4635796546936035,False,0.55,no
KXBTC15M-26OCT022130-30,2026-10-02T21:27:56.041770-04:00,no,25.0,0.9440000000000001,1.3074,124.6343822479248,0.8330839287313854,-0.11291607126861458,2.3640463542307089e-07,5.484288046631036e-05,40.0688,0.048969268798828125,0.2444291114807129,False,0.55,no
KXBTC15M-26OCT022145-45,2026-10-02T21:40:01.871615-04:00,yes,25.0,0.85,3.5268,299.7520401477814,0.8339083923139212,-0.026091607686078766,0.0002624671295667902,-1.8193875114591584e-05,384.68,0.0183255672454834,0.14620137214660645,False,0.55,yes
KXBTC15M-26OCT022200-00,2026-10-02T21:59:28.499352-04:00,yes,25.0,0.955,1.0497,33.342007875442505,0.8335151756671999,-0.12348482433280006,0.00026912304182546976,0.00027196041977184393,80.6096,0.5410895347595215,1.5508074760437012,True,0.55,yes
KXBTC15M-26OCT022215-15,2026-10-02T22:09:41.895214-04:00,no,25.0,0.88,2.8152,320.8532180786133,0.831625483258865,-0.04837451674113502,-2.9316201953566434e-05,0.00011949302336855538,337.61400000000003,0.02677464485168457,0.11111593246459961,False,0.55,no
KXBTC15M-26OCT022230-30,2026-10-02T22:20:54.389356-04:00,yes,25.0,0.88,2.8152,546.585191488266,0.8319889788246005,-0.04801102117539946,4.725185011666966e-05,0.0002816870454562803,472.61799999999994,0.11507582664489746,0.33727192878723145,False,0.55,yes
KXBTC15M-26OCT022245-45,2026-10-02T22:43:23.227626-04:00,yes,25.0,0.956,1.0263,98.54542016983032,0.8887720095561336,-0.05222799044386639,8.894397982128766e-05,0.00017128736988358817,24.086799999999997,0.32196950912475586,0.33992767333984375,False,0.55,yes
KXBTC15M-26OCT022300-00,2026-10-02T22:51:16.679458-04:00,no,25.0,0.87,3.052,524.2428591251373,0.851767184308738,-0.008232815691261997,0.00031602030374333623,0.00017711411513232633,485.26559999999995,0.028682708740234375,0.6834197044372559,False,0.55,no
KXBTC15M-26OCT022315-15,2026-10-02T23:10:34.457947-04:00,no,25.0,0.9,2.3425,265.75839853286743,0.8470473196503453,-0.032952680349654706,0.00011624561432965752,0.00014746058563019915,467.0596,0.022290468215942383,0.16777372360229492,False,0.55,no
KXBTC15M-26OCT022330-30,2026-10-02T23:21:24.521784-04:00,yes,25.0,0.89,2.5786,518.640604019165,0.8300238930446217,-0.04997610695537835,3.8784420582249624e-05,-0.00015156147330985803,667.5292,0.02743816375732422,0.28832006454467773,False,0.55,yes
KXBTC15M-26OCT022345-45,2026-10-02T23:40:47.848195-04:00,yes,25.0,0.94,1.4012,253.88970160484314,0.8345784091053976,-0.10542159089460235,2.9075917693743847e-05,8.061299921235943e-05,192.74,0.07382321357727051,0.07200384140014648,False,0.55,yes
KXBTC15M-26OCT030000-00,2026-10-02T23:56:54.697157-04:00,yes,25.0,0.946,1.2606,185.60979652404785,0.8319755894936097,-0.11402441050639023,5.8000296262017415e-05,0.00012380511232423785,273.7848,0.03368496894836426,0.3508331775665283,False,0.55,yes
KXBTC15M-26OCT030015-15,2026-10-03T00:09:41.140955-04:00,no,25.0,0.84,3.7648,319.0595614910126,0.8309660786934447,-0.009033921306555226,0.0001552080999256411,0.00048495391225689133,449.158,0.028059959411621094,0.8648960590362549,False,0.55,no
KXBTC15M-26OCT030030-30,2026-10-03T00:20:02.986395-04:00,no,25.0,0.92,1.8712,597.2695162296295,0.8684493618056368,-0.05155063819436323,0.0002453961333088728,0.0001568735561309209,267.6904,0.026131153106689453,0.6332597732543945,False,0.55,no
KXBTC15M-26OCT030100-00,2026-10-03T00:50:00.928577-04:00,yes,25.0,0.87,3.052,599.9089307785034,0.8376438319582852,-0.042356168041714826,0.00014529987991762638,0.0003837351633735331,687.4076,0.07954716682434082,1.004030704498291,False,0.55,yes
KXBTC15M-26OCT030215-15,2026-10-03T02:09:38.761739-04:00,yes,25.0,0.9209999999999999,-11.3398,321.42791223526,0.8353075195438471,-0.08469248045615296,0.00017815258603604,0.00031263602502784593,35.794000000000004,0.018103599548339844,0.4983642101287842,False,0.5,no
KXBTC15M-26OCT030230-30,2026-10-03T02:28:52.494898-04:00,yes,25.0,0.9590000000000001,0.9561,67.65580153465271,0.8583820690314289,-0.10061793096857108,-0.00015558325943043627,4.33640225365739e-05,66.1696,0.021739959716796875,0.30257391929626465,False,0.5,yes
KXBTC15M-26OCT030245-45,2026-10-03T02:43:27.489885-04:00,no,25.0,0.83,-12.6452,92.73742175102234,0.875,0.05500000000000005,0.0002470845850532921,0.0004389015387310513,629.0419999999999,0.3042776584625244,1.2207400798797607,False,0.5,yes
KXBTC15M-26OCT030300-00,2026-10-03T02:50:00.275308-04:00,no,25.0,0.85,3.5268,599.9230306148529,0.8720162071629037,0.022016207162903756,0.000871136032523645,0.000749159721467163,352.9964,0.057266950607299805,0.9760341644287109,False,0.5,no
KXBTC15M-26OCT030315-15,2026-10-03T03:12:38.718647-04:00,yes,25.0,0.945,1.284,141.4831268787384,0.8752678415942473,-0.06773215840575264,0.0001713332815431734,0.00016873150914920032,216.56599999999997,0.38721799850463867,0.4757266044616699,False,0.5,yes
KXBTC15M-26OCT030345-45,2026-10-03T03:43:01.595722-04:00,no,25.0,0.95,1.1668,118.61207556724548,0.8366317727400371,-0.11236822725996287,0.0002808374535041569,0.0004574620017597786,17.0856,0.026683330535888672,0.33469605445861816,False,0.5,no
KXBTC15M-26OCT030415-15,2026-10-03T04:08:46.439530-04:00,yes,25.0,0.9539991999999999,1.0732,373.7477843761444,0.8404986348880729,-0.1105013651119271,0.00012715808302332654,0.00040959775608984117,1458.9816,0.009474515914916992,0.18857049942016602,False,0.5,yes
KXBTC15M-26OCT030430-30,2026-10-03T04:20:10.809525-04:00,no,25.0,0.86,3.2892,589.3543906211853,0.8420955412677309,-0.01790445873226909,0.00043810105940789157,0.0004323126398029231,543.8876,0.06078219413757324,0.5836350917816162,False,0.5,no
KXBTC15M-26OCT030515-15,2026-10-03T05:09:35.259217-04:00,yes,25.0,0.9390000000000001,1.4247,325.44475746154785,0.8323405084499861,-0.09365949155001396,0.00019331105923581227,0.000225812615232579,151.7072,0.19763612747192383,0.4892449378967285,False,0.5,yes
KXBTC15M-26OCT030530-30,2026-10-03T05:23:18.425570-04:00,no,25.0,0.89,2.5786,401.76736187934875,0.8379574007068895,-0.0520425992931105,5.532251013840028e-05,5.484969410674001e-05,555.1344,0.052286624908447266,0.20117402076721191,False,0.5,no
KXBTC15M-26OCT030630-30,2026-10-03T06:28:14.683996-04:00,yes,25.0,0.924,1.7771,105.49996042251587,0.842563714548763,-0.07443628545123704,0.0002776342769075235,0.00033310865940605616,82.0432,0.41216349601745605,0.4295485019683838,False,0.5,yes
KXBTC15M-26OCT030700-00,2026-10-03T06:54:44.398430-04:00,yes,25.0,0.96,0.9328,315.79025745391846,0.8398074632290626,-0.12019253677093733,0.00012727662066747136,0.00022455812574806444,193.86360000000002,0.014677047729492188,0.13089680671691895,False,0.5,yes
KXBTC15M-26OCT030830-30,2026-10-03T08:20:00.333672-04:00,yes,25.0,0.9420000000000001,1.3543,599.855465888977,0.8952744718178991,-0.04272552818210085,3.526996504144009e-05,0.0010056380435103929,287.80120000000005,0.06464004516601562,0.06262564659118652,False,0.5,yes
KXBTC15M-26OCT030845-45,2026-10-03T08:39:33.456992-04:00,yes,25.0,0.86,-9.6482,326.74393701553345,0.85,0.04999999999999993,0.00036358233932354267,0.000574831230234274,771.9636,1.0372405052185059,1.1301755905151367,True,0.5,no
KXBTC15M-26OCT030900-00,2026-10-03T08:53:45.549977-04:00,yes,25.0,0.9199592,1.8721,374.66949224472046,0.849185166368882,-0.06981483363111807,0.0003470554221809419,0.0004182881522003523,258.8836,0.01970982551574707,0.2458662986755371,False,0.5,yes
KXBTC15M-26OCT030915-15,2026-10-03T09:08:02.516598-04:00,no,25.0,0.9259999999999999,1.73,417.6384582519531,0.8430038615557616,-0.08299613844423848,0.0001454762372112839,0.0002881998600611224,72.03,0.05275988578796387,0.31318235397338867,False,0.5,no
KXBTC15M-26OCT030930-30,2026-10-03T09:20:27.596980-04:00,no,25.0,0.88,2.8152,572.5992891788483,0.8578493198021583,-0.02215068019784172,7.535409348435884e-05,0.0003443663388211782,607.698,0.009858369827270508,0.30092620849609375,False,0.5,no
KXBTC15M-26OCT030945-45,2026-10-03T09:35:00.199285-04:00,yes,25.0,0.92,1.8712,599.9893989562988,0.9136727014573269,-0.00632729854267311,0.0008954086110839476,0.0011711326589876059,13.2924,0.00976419448852539,0.9074389934539795,False,0.5,yes
KXBTC15M-26OCT031000-00,2026-10-03T09:55:05.407043-04:00,yes,25.0,0.89,2.5786,294.8010342121124,0.8315395629802989,-0.05846043701970116,-1.0604530089608488e-06,7.871545799553736e-05,480.74760000000003,0.08476567268371582,0.09726405143737793,False,0.5,yes
KXBTC15M-26OCT031015-15,2026-10-03T10:05:00.399347-04:00,no,25.0,0.9213899999999999,1.8384,599.7730178833008,0.875363802049961,-0.04863619795003904,9.964481634694433e-05,0.00042685894062599594,312.1276,0.1627206802368164,0.16466951370239258,False,0.5,no
KXBTC15M-26OCT031030-30,2026-10-03T10:27:12.210216-04:00,yes,25.0,0.92,1.8711,168.07250046730042,0.8506826290604254,-0.06731737093957468,1.768409972902063e-06,0.00010352146295877773,145.74120000000002,0.061180830001831055,0.8866527080535889,False,0.5,yes
KXBTC15M-26OCT031045-45,2026-10-03T10:35:49.040420-04:00,no,25.0,0.9,2.3425,551.1636710166931,0.8461569871797278,-0.05384301282027226,0.00018046836849505699,0.0003059321590128672,642.9456,0.010096549987792969,0.7433240413665771,False,0.5,no
KXBTC15M-26OCT031100-00,2026-10-03T10:50:09.028329-04:00,yes,25.0,0.9490000000000001,1.1903,593.7046146392822,0.9003119964632416,-0.0546880035367584,-4.950415109949979e-06,0.0006359463233940321,462.038,0.05457711219787598,0.20774626731872559,False,0.5,yes
KXBTC15M-26OCT031115-15,2026-10-03T11:08:00.470177-04:00,no,25.0,0.9470000000000001,-13.9363,419.76938700675964,0.8448047114879991,-0.09919528851200088,7.17077700794766e-05,8.338289721254721e-05,236.5692,0.0946962833404541,0.1333599090576172,False,0.5,no
KXBTC15M-26OCT031145-45,2026-10-03T11:35:07.492745-04:00,no,25.0,0.86,-10.8933,592.6945900917053,0.831566561187414,-0.018433438812585967,0.0001117038242105517,0.0001602936853961623,505.62199999999996,0.021997928619384766,0.22200322151184082,False,0.5,yes
KXBTC15M-26OCT031200-00,2026-10-03T11:58:02.419060-04:00,yes,25.0,0.95,1.1668,117.8126928806305,0.8356642603084772,-0.11433573969152278,5.7867389863686114e-05,5.3742201487905206e-05,195.7184,0.02155470848083496,0.11214661598205566,False,0.5,yes
KXBTC15M-26OCT031215-15,2026-10-03T12:12:19.568831-04:00,no,25.0,0.92,1.8712,160.5928497314453,0.8307365508787907,-0.08926344912120932,7.190507304466465e-06,4.597221510027616e-06,146.1336,0.03974723815917969,0.30161118507385254,False,0.5,no
KXBTC15M-26OCT031230-30,2026-10-03T12:20:58.435631-04:00,no,25.0,0.86,3.2893,541.7735741138458,0.8634442396656472,0.0034442396656472196,0.00041693039243340113,0.00043201637511847135,872.1296000000001,0.03602957725524902,0.1295154094696045,False,0.5,no
KXBTC15M-26OCT031245-45,2026-10-03T12:40:08.364691-04:00,yes,25.0,0.945,1.284,291.84069657325745,0.8342065082610483,-0.1107934917389517,8.652816580223543e-05,0.00022035801516029352,193.9892,0.057647705078125,0.12520670890808105,False,0.5,yes
KXBTC15M-26OCT031300-00,2026-10-03T12:50:52.628741-04:00,yes,25.0,0.77,5.44,547.5856366157532,0.8373933694448126,-0.04260663055518743,0.00031765227271662866,0.0003208357098396508,570.3424,0.360943078994751,0.3541440963745117,False,0.5,yes
KXBTC15M-26OCT031330-30,2026-10-03T13:21:07.673258-04:00,yes,25.0,0.9179999999999999,1.9182,532.6380743980408,0.8308645834078476,-0.0871354165921524,0.00010410954774053849,0.0002381648444660378,75.62280000000001,0.024936676025390625,0.3046610355377197,False,0.5,yes
KXBTC15M-26OCT031345-45,2026-10-03T13:40:44.347946-04:00,yes,25.0,0.946,1.2606,255.86025977134705,0.8470800258758634,-0.09991997412413656,0.0004608901221694328,0.0003759356876738007,203.0804,0.7694165706634521,1.0520458221435547,True,0.5,yes
KXBTC15M-26OCT031445-45,2026-10-03T14:38:13.691230-04:00,no,25.0,0.88,2.8152,406.49289631843567,0.8385718570682741,-0.04142814293172592,0.0001591539976200096,0.00011807545716269185,502.66759999999994,0.010680437088012695,0.453812837600708,False,0.5,no
KXBTC15M-26OCT031515-15,2026-10-03T15:05:00.518047-04:00,no,25.0,0.9179999999999999,1.9182,599.6939494609833,0.8786030428264878,-0.039396957173512215,-0.00018046088365952784,0.0007203690380982453,199.33,0.21971869468688965,1.2169957160949707,False,0.5,no
KXBTC15M-26OCT031545-45,2026-10-03T15:36:29.031103-04:00,no,25.0,0.89,2.5786,511.59273171424866,0.8384039001123991,-0.041596099887600935,0.00018490679423965872,0.0002641316318853226,491.1332,0.08835124969482422,0.32825446128845215,False,0.5,no
KXBTC15M-26OCT031600-00,2026-10-03T15:55:42.601042-04:00,yes,25.0,0.9159999999999999,1.9653,257.5767414569855,0.8408982764474229,-0.07510172355257716,0.000502931566284559,0.0007380028536425609,61.0572,0.032318115234375,0.31789422035217285,False,0.5,yes
KXBTC15M-26OCT031615-15,2026-10-03T16:08:22.345911-04:00,yes,25.0,0.9,2.3425,397.85853123664856,0.8304076536221123,-0.06959234637788769,9.12015378415898e-05,-4.830625316198933e-06,584.6496,0.0018608570098876953,0.08725094795227051,False,0.5,yes
KXBTC15M-26OCT031700-00,2026-10-03T16:50:00.563783-04:00,no,25.0,0.9279999999999999,1.683,599.661819934845,0.9350659809223746,0.016065980922374545,0.0011552478142703437,0.001343940136918409,273.6668,0.05985450744628906,0.27726244926452637,False,0.5,no
KXBTC15M-26OCT031715-15,2026-10-03T17:05:25.891681-04:00,no,25.0,0.8,4.72,574.2791550159454,0.85,0.04999999999999993,0.0008639462865774883,0.001254698629225115,446.35159999999996,0.05400514602661133,0.6610145568847656,False,0.5,no
KXBTC15M-26OCT031730-30,2026-10-03T17:24:00.477450-04:00,yes,25.0,0.89,2.5786,359.7451515197754,0.8424174357471148,-0.04758256425288521,-5.666425332173652e-06,0.00015242732546116855,462.20480000000003,0.03206658363342285,0.17396163940429688,False,0.5,yes
KXBTC15M-26OCT031745-45,2026-10-03T17:43:19.680463-04:00,yes,25.0,0.96,-13.9935,103.11761450767517,0.8500709348330652,-0.10992906516693479,9.137308243412079e-05,0.00028763373315521257,108.6356,0.036399126052856445,0.8289327621459961,True,0.5,no
KXBTC15M-26OCT031800-00,2026-10-03T17:52:03.659640-04:00,yes,25.0,0.9,2.3425,476.57291436195374,0.8339429461482208,-0.06605705385177918,0.00013538212401220662,0.00019299260950433883,534.4712000000001,0.06305360794067383,0.2485036849975586,False,0.5,yes
KXBTC15M-26OCT031830-30,2026-10-03T18:27:20.042735-04:00,no,25.0,0.9229999999999999,-9.1257,160.20630979537964,0.8308548015061079,-0.09314519849389213,9.439486812756748e-06,0.0001774325393580911,65.9716,0.039185285568237305,0.730987548828125,False,0.5,no
KXBTC15M-26OCT031845-45,2026-10-03T18:43:56.353787-04:00,yes,25.0,0.924,1.7771,64.75799703598022,0.8621545318624735,-0.06684546813752656,1.7221938532152592e-05,1.0616193351742353e-05,232.21760000000003,0.008316278457641602,0.1382923126220703,False,0.5,yes
KXBTC15M-26OCT031900-00,2026-10-03T18:59:19.804940-04:00,no,25.0,0.84,3.7648,40.65516233444214,0.85,0.04999999999999993,0.00023530227673529414,0.00017421689094687665,313.4868,0.15552687644958496,0.24552273750305176,False,0.5,no
KXBTC15M-26OCT031930-30,2026-10-03T19:23:45.410438-04:00,yes,25.0,0.84,-5.128,374.7960603237152,0.8324297721657461,-0.007570227834253873,4.918236384110486e-05,0.00040952877054656334,435.712,0.0924992561340332,0.09002828598022461,False,0.5,no
KXBTC15M-26OCT031945-45,2026-10-03T19:39:14.487434-04:00,yes,25.0,0.9085992,2.1396,345.69696068763733,0.8302277444277714,-0.07777225557222867,-9.08259428133995e-06,0.00025131121330579376,189.7648,0.0012710094451904297,0.20438218116760254,False,0.5,yes
KXBTC15M-26OCT032000-00,2026-10-03T19:54:02.393388-04:00,no,25.0,0.8,-10.3049,357.86172342300415,0.8442065748638037,0.04420657486380364,0.00018253883316032837,9.829842244601927e-05,374.4068,0.07755851745605469,0.0779426097869873,False,0.5,no
KXBTC15M-26OCT032015-15,2026-10-03T20:11:30.605412-04:00,yes,25.0,0.9,2.3425,209.64060616493225,0.830234083218528,-0.06976591678147204,-1.651010371195305e-06,-4.162738303503666e-05,321.09159999999997,0.0343019962310791,0.26755690574645996,False,0.5,yes
KXBTC15M-26OCT032030-30,2026-10-03T20:20:14.245027-04:00,yes,25.0,0.8,-7.9674,585.9274382591248,0.8529284618722054,0.052928461872205346,0.0002846872224593344,0.0003892900667250565,326.1424,0.0533289909362793,1.0059592723846436,False,0.5,no
KXBTC15M-26OCT032100-00,2026-10-03T20:53:21.203957-04:00,yes,25.0,0.79,-12.1774,399.42040610313416,0.85,0.04999999999999993,0.00027365655383282395,0.0002968906540403715,230.22439999999997,0.16438651084899902,0.5074214935302734,False,0.5,no
KXBTC15M-26OCT032130-30,2026-10-03T21:23:04.867751-04:00,no,25.0,0.8,4.72,415.32138323783875,0.85,0.04999999999999993,7.293853913070691e-05,-8.581672616392311e-05,164.69279999999998,0.02724599838256836,0.5896365642547607,False,0.5,no
KXBTC15M-26OCT032145-45,2026-10-03T21:37:20.642169-04:00,yes,25.0,0.88,2.8152,459.57585287094116,0.8455086611880462,-0.034491338811953764,4.564668615691936e-05,0.0005343390109606716,215.19439999999997,0.012423276901245117,0.3646373748779297,False,0.5,yes
KXBTC15M-26OCT032215-15,2026-10-03T22:05:15.263417-04:00,yes,25.0,0.91,2.1066,585.3024926185608,0.8423190203199922,-0.06768097968000786,0.00020372056470674416,0.00032695991421949344,273.3904,0.11609458923339844,0.6315624713897705,False,0.5,yes
KXBTC15M-26OCT032230-30,2026-10-03T22:28:27.414902-04:00,no,25.0,0.86,-11.6369,92.74241065979004,0.8322275316384875,-0.02777246836151248,0.00032300476479174556,0.0002889458580771498,334.7948,0.03280019760131836,0.17204880714416504,False,0.5,yes
KXBTC15M-26OCT032245-45,2026-10-03T22:41:47.501033-04:00,no,25.0,0.95,1.1668,192.72701573371887,0.8526535446511285,-0.09734645534887143,0.0001902016101692494,0.00012830264329388719,243.25959999999998,0.12611818313598633,0.20261836051940918,False,0.5,no
KXBTC15M-26OCT032345-45,2026-10-03T23:35:12.118424-04:00,yes,25.0,0.9390000000000001,1.4247,588.3449308872223,0.9102115353903891,-0.02878846460961082,0.0004460050363317425,0.0005821375851584598,67.27720000000001,0.010305404663085938,0.5491220951080322,False,0.5,yes
KXBTC15M-26OCT040000-00,2026-10-03T23:54:33.505521-04:00,no,25.0,0.941,1.3778,326.66219568252563,0.8449223056066839,-0.09707769439331604,0.00014462747815990884,0.0003275030561254999,45.5616,0.0536341667175293,0.24264311790466309,False,0.5,no
KXBTC15M-26OCT040130-30,2026-10-04T01:24:57.367927-04:00,yes,25.0,0.9477,1.2207,302.8514561653137,0.830156080300757,-0.1168439196992429,0.0001019500510750504,9.487770028693276e-05,637.7152000000001,0.0805671215057373,0.08090090751647949,False,0.5,yes
KXBTC15M-26OCT040145-45,2026-10-04T01:38:45.302761-04:00,yes,25.0,0.9585192,0.9674,374.89764523506165,0.8506814411871032,-0.10631855881289676,9.94321645850782e-05,0.0002678286320942913,311.3672,0.045035362243652344,0.047861576080322266,False,0.5,yes
KXBTC15M-26OCT040230-30,2026-10-04T02:21:11.915975-04:00,yes,25.0,0.9359999999999999,-13.4312,528.4192066192627,0.8377600796530392,-0.10223992034696072,0.0002814335352903097,0.0003591794974218132,78.8216,0.053839921951293945,0.5229368209838867,False,0.5,no
KXBTC15M-26OCT040245-45,2026-10-04T02:36:00.423937-04:00,yes,25.0,0.919,1.8947,539.7099089622498,0.8319459035127543,-0.08705409648724571,0.00010353150675523892,9.294207308840896e-05,89.61840000000001,0.0645284652709961,0.20778489112854004,False,0.5,yes
KXBTC15M-26OCT040300-00,2026-10-04T02:51:11.446181-04:00,yes,25.0,0.86,3.2893,528.7225341796875,0.8477091022020604,-0.01229089779793957,0.0001659119438244261,0.0001630874501736823,670.8116,0.009830951690673828,0.21191096305847168,False,0.5,yes
KXBTC15M-26OCT040330-30,2026-10-04T03:20:06.174214-04:00,no,25.0,0.9259999999999999,-10.7068,595.2574717998505,0.8489832790260177,-0.08401672097398238,-2.3667421159112578e-05,0.00039417450337120297,266.668,0.19360566139221191,0.6495025157928467,False,0.5,no
KXBTC15M-26OCT040345-45,2026-10-04T03:35:02.363378-04:00,no,25.0,0.86,-7.8897,597.8087422847748,0.8305965324362193,-0.02940346756378065,1.3424393111471922e-05,0.0002030937357061502,446.7792,0.0008180141448974609,0.1064295768737793,False,0.5,no
KXBTC15M-26OCT040400-00,2026-10-04T03:50:07.506965-04:00,yes,25.0,0.919,1.8947,592.6731343269348,0.8316914924634946,-0.08730850753650543,2.9644683761320678e-05,0.0002360297952905821,208.826,0.010896444320678711,0.27857065200805664,False,0.5,yes
KXBTC15M-26OCT040430-30,2026-10-04T04:26:44.497412-04:00,yes,25.0,0.88,2.8152,195.63878917694092,0.8316473350266126,-0.048352664973387416,0.00034870611708526233,0.0003951168072870992,346.0528,0.044979095458984375,0.2979412078857422,False,0.5,yes
KXBTC15M-26OCT040445-45,2026-10-04T04:35:09.470322-04:00,no,25.0,0.93,1.636,590.7192826271057,0.8329869815904347,-0.09701301840956533,9.228402129790592e-05,1.5048747949997221e-05,312.9628,0.03412795066833496,0.2335205078125,False,0.5,no
KXBTC15M-26OCT040500-00,2026-10-04T04:56:44.393808-04:00,yes,25.0,0.95,1.1668,195.79196643829346,0.8320618193088185,-0.11693818069118145,2.644268964235863e-05,3.866556099607621e-05,246.1932,0.027085304260253906,0.1627790927886963,False,0.5,yes
KXBTC15M-26OCT040515-15,2026-10-04T05:06:10.637201-04:00,no,25.0,0.927,-12.7247,529.6721754074097,0.8495855775329438,-0.07741442246705621,0.00019680195645133125,0.0002124346325587112,289.6792,0.04282569885253906,0.2480940818786621,False,0.5,yes
KXBTC15M-26OCT040530-30,2026-10-04T05:22:37.181473-04:00,yes,25.0,0.92,1.8712,443.02836894989014,0.8540294557582657,-0.061970544241734316,0.00018249013067772601,0.0001701576183288367,216.4852,0.044190168380737305,0.9072306156158447,False,0.5,yes
KXBTC15M-26OCT040600-00,2026-10-04T05:57:13.630062-04:00,no,25.0,0.96,0.9328,166.546124458313,0.8308905375409146,-0.1291094624590854,0.00017935788937184505,8.376309824920103e-05,172.84560000000002,0.0541837215423584,0.34848952293395996,False,0.5,no
KXBTC15M-26OCT040630-30,2026-10-04T06:20:01.265396-04:00,yes,25.0,0.932,1.589,598.87304520607,0.8914092408002886,-0.040590759199711446,-0.00028315581251658895,0.0009328071656848902,246.9452,0.0719442367553711,0.07221055030822754,False,0.5,yes
KXBTC15M-26OCT040645-45,2026-10-04T06:36:00.458799-04:00,no,25.0,0.941,1.3778,539.7327628135681,0.839163556063003,-0.10183644393699698,0.000188227219554582,0.000423587309956841,187.0172,0.04225015640258789,0.1714191436767578,False,0.5,no
KXBTC15M-26OCT040700-00,2026-10-04T06:57:24.405580-04:00,no,25.0,0.92,1.8712,155.73945546150208,0.8382164904076572,-0.08178350959234282,0.00017275889866563698,0.00020006199929567536,267.3952,0.03616762161254883,0.18500089645385742,False,0.5,no
KXBTC15M-26OCT040715-15,2026-10-04T07:05:05.492211-04:00,no,25.0,0.88,-10.1223,594.6960933208466,0.8427402848250908,-0.037259715174909225,8.331500794311886e-05,0.0004468049341621594,548.9792,0.009588003158569336,0.21697592735290527,False,0.5,no
KXBTC15M-26OCT040730-30,2026-10-04T07:25:44.025581-04:00,yes,25.0,0.92,1.8712,256.1806561946869,0.8301134218782694,-0.08988657812173062,6.250053500700403e-05,7.71593899577816e-05,309.1768,0.010470151901245117,0.7118589878082275,False,0.5,yes
KXBTC15M-26OCT040745-45,2026-10-04T07:39:00.473948-04:00,no,25.0,0.9359999999999999,1.4951,359.7082130908966,0.8346605184000586,-0.10133948159994144,0.0003017883244499364,0.0003196038506753096,82.77799999999999,0.03850078582763672,0.18529319763183594,False,0.5,no
KXBTC15M-26OCT040800-00,2026-10-04T07:56:09.274336-04:00,yes,25.0,0.9570000000000001,1.0029,232.73244643211365,0.8301114302486782,-0.1268885697513218,2.8138256856102828e-05,0.000274884783520557,145.8816,0.05805563926696777,0.18210458755493164,False,0.5,yes
KXBTC15M-26OCT040815-15,2026-10-04T08:06:24.838541-04:00,yes,25.0,0.902,-11.8879,515.3780415058136,0.8303105415656362,-0.0716894584343638,0.0001774247096368864,0.0001798861291506526,462.3528,0.019472360610961914,0.5675005912780762,False,0.5,no
KXBTC15M-26OCT040845-45,2026-10-04T08:42:01.509061-04:00,no,25.0,0.9329999999999999,1.5656,178.71868109703064,0.8413816275105348,-0.08361837248946524,6.557826302300285e-05,2.0765425308599816e-05,267.5616,0.16956233978271484,0.22728586196899414,False,0.5,no
KXBTC15M-26OCT040900-00,2026-10-04T08:53:07.776561-04:00,no,25.0,0.9295992,1.6454,412.36843085289,0.8382309922412631,-0.09076900775873697,6.693813800473514e-06,1.17436102287094e-07,220.8044,0.037035465240478516,0.5411875247955322,False,0.5,no
KXBTC15M-26OCT040930-30,2026-10-04T09:24:14.494955-04:00,yes,25.0,0.9059999999999999,2.2009,345.7217803001404,0.8311078648151896,-0.07489213518481042,6.785478278192869e-05,0.00010930003599507465,28.3496,0.03151249885559082,0.19805431365966797,False,0.5,yes
KXBTC15M-26OCT040945-45,2026-10-04T09:37:55.458489-04:00,yes,25.0,0.92,-12.0635,424.7655339241028,0.8638718290085394,-0.05612817099146061,0.00037190160210975876,0.00030806034134878146,351.6068,0.02283644676208496,0.18667030334472656,False,0.5,yes
KXBTC15M-26OCT041015-15,2026-10-04T10:10:20.418446-04:00,no,25.0,0.91,2.1066,279.77883648872375,0.8394689708143398,-0.07053102918566023,0.00012815337094995716,0.00026577603728050736,313.67080000000004,0.03532910346984863,0.14655590057373047,False,0.5,no
KXBTC15M-26OCT041030-30,2026-10-04T10:21:02.770461-04:00,no,25.0,0.92,1.8712,537.4017176628113,0.8772313302943722,-0.04276866970562787,0.0002518927183627895,0.0006130110239854769,257.81919999999997,0.021359920501708984,0.49476099014282227,False,0.5,no
KXBTC15M-26OCT041045-45,2026-10-04T10:38:35.519521-04:00,no,25.0,0.9,2.3425,384.67552852630615,0.841476651043764,-0.05852334895623601,0.00013613587652527848,0.0004769589603937918,566.4464,0.028452157974243164,0.2509322166442871,False,0.5,no
KXBTC15M-26OCT041100-00,2026-10-04T10:52:15.532197-04:00,yes,25.0,0.89,2.5786,464.6610336303711,0.8300678412008309,-0.05993215879916913,0.0005218881143769227,0.0009816192875440333,597.1396,0.02521657943725586,0.2618241310119629,False,0.5,yes
KXBTC15M-26OCT041130-30,2026-10-04T11:20:00.601623-04:00,yes,25.0,0.89,-13.0878,599.5931167602539,0.8631075191754787,-0.026892480824521336,0.0009374518883662475,0.001120906231301122,704.9767999999999,0.2561478614807129,0.29890990257263184,False,0.5,no
KXBTC15M-26OCT041145-45,2026-10-04T11:43:29.831384-04:00,yes,25.0,0.943,1.3309,90.46862769126892,0.8354472369190087,-0.10455276308099126,2.683630964428474e-05,0.00037443216787313993,200.24720000000002,0.05918622016906738,0.47030186653137207,False,0.5,yes
KXBTC15M-26OCT041200-00,2026-10-04T11:58:04.561165-04:00,no,25.0,0.94,1.4013,115.7168550491333,0.8423985824177034,-0.09360141758229668,8.474417339865425e-05,0.00012740385404286236,200.0436,0.009606599807739258,0.2124645709991455,False,0.5,no
KXBTC15M-26OCT041215-15,2026-10-04T12:05:00.403918-04:00,no,25.0,0.9009999999999999,-12.1123,599.7920348644257,0.868996153336259,-0.03200384666374101,0.00013404759652191345,0.0007268533117108511,582.6072,0.011630058288574219,0.17360138893127441,False,0.5,no
KXBTC15M-26OCT041230-30,2026-10-04T12:23:06.716142-04:00,no,25.0,0.9079999999999999,2.1538,413.48362016677856,0.8448988528072479,-0.055101147192752165,0.00028497224834889145,0.0005772841840319121,453.69519999999994,1.2473721504211426,2.4423933029174805,True,0.5,no
KXBTC15M-26OCT041245-45,2026-10-04T12:35:01.166803-04:00,yes,25.0,0.86,3.2893,599.5014081001282,0.8380010467090793,-0.02199895329092072,4.0452699713755536e-05,0.0003674775452218171,612.3592,0.019142627716064453,0.3731653690338135,False,0.5,yes
KXBTC15M-26OCT041300-00,2026-10-04T12:50:00.583019-04:00,yes,25.0,0.87,3.052,599.6265823841095,0.8785365800128485,-0.001463419987151493,0.0009032518590312844,0.001110428049267309,547.376,0.2107234001159668,0.27957606315612793,False,0.5,yes
KXBTC15M-26OCT041315-15,2026-10-04T13:11:27.460856-04:00,no,25.0,0.93,1.636,212.80965280532837,0.8419420881169133,-0.07805791188308675,0.00012972564023183697,0.00043392735535929816,302.2432,0.12861156463623047,0.12912821769714355,False,0.5,no
KXBTC15M-26OCT041330-30,2026-10-04T13:25:27.756887-04:00,yes,25.0,0.95,1.1668,275.99315643310547,0.8840366548764363,-0.0549633451235636,0.00025792610071517785,0.00043612630761691307,277.7808,0.05910444259643555,0.9353799819946289,False,0.5,yes
KXBTC15M-26OCT041345-45,2026-10-04T13:38:44.473339-04:00,no,25.0,0.9,-16.2525,375.7543091773987,0.8430805450569597,-0.05691945494304029,0.0002924192077713439,0.00029581570154602055,635.4472000000001,0.03394937515258789,0.1991288661956787,False,0.5,yes
KXBTC15M-26OCT041400-00,2026-10-04T13:55:53.654332-04:00,no,25.0,0.9390000000000001,1.4247,251.74313354492188,0.8440419293588465,-0.09295807064115358,6.562604078785839e-05,0.0003802769578404863,267.6348,0.01580953598022461,0.1914987564086914,False,0.5,no
KXBTC15M-26OCT041500-00,2026-10-04T14:59:04.187698-04:00,yes,25.0,0.88,-16.0215,56.09749984741211,0.8600618324418534,-0.03993816755814661,0.00011846732112341662,9.561535629498685e-05,306.4816,0.499025821685791,0.8086428642272949,True,0.55,no
KXBTC15M-26OCT041515-15,2026-10-04T15:09:40.798708-04:00,yes,25.0,0.94,1.4012,319.50255036354065,0.8402514183876757,-0.09974858161232425,0.0001815772006512617,-0.00024250770058564797,65.6916,0.05758357048034668,0.3786630630493164,False,0.55,yes
KXBTC15M-26OCT041530-30,2026-10-04T15:25:11.044854-04:00,yes,25.0,0.9,2.3425,289.23735189437866,0.8480842560457611,-0.051915743954238924,0.0003566635826099951,0.0003587726951841397,450.9964,0.04405951499938965,0.6849417686462402,False,0.55,yes
KXBTC15M-26OCT041545-45,2026-10-04T15:42:42.500031-04:00,no,25.0,0.958,0.9795,139.49343085289001,0.8313564596272374,-0.1226435403727626,0.0004675168277965547,0.0009710652960684962,313.2948,0.07408547401428223,0.3767216205596924,False,0.55,no
KXBTC15M-26OCT041615-15,2026-10-04T16:11:38.695828-04:00,no,25.0,0.915,-9.1902,201.70527148246765,0.8302553814386706,-0.08474461856132942,0.00012155362394339342,6.2072112334554674e-06,102.6188,0.05546212196350098,0.16991591453552246,False,0.55,yes
KXBTC15M-26OCT041630-30,2026-10-04T16:20:10.640033-04:00,yes,25.0,0.88,2.8152,589.5489621162415,0.8326682325272459,-0.04733176747275414,0.0002238689207096911,0.00042020239475570875,254.9492,0.3095993995666504,0.32681775093078613,False,0.55,yes
KXBTC15M-26OCT041645-45,2026-10-04T16:35:01.861815-04:00,yes,25.0,0.89,2.5786,598.3678188323975,0.8979579224900991,0.007957922490099079,0.0005607028036545003,0.0013794931120745257,496.46840000000003,0.05194354057312012,0.4916963577270508,False,0.55,yes
KXBTC15M-26OCT041700-00,2026-10-04T16:56:31.054227-04:00,yes,25.0,0.9470000000000001,1.2371,209.17756986618042,0.8334135619396696,-0.0935864380603304,0.0004756007270712015,0.00034806132637821285,13.3292,0.594616174697876,0.7524325847625732,True,0.55,yes
KXBTC15M-26OCT041715-15,2026-10-04T17:11:05.566483-04:00,yes,25.0,0.9429992,1.3309,234.71780610084534,0.904228301634755,-0.03277169836524507,0.0006211535989180117,0.0009475274356605112,95.7524,0.15865182876586914,0.22044825553894043,False,0.55,yes
KXBTC15M-26OCT041730-30,2026-10-04T17:21:06.683546-04:00,no,25.0,0.9299192,1.6379,533.779755115509,0.8370384335265987,-0.09096156647340137,0.0020698468048208074,0.002486197575460314,101.17360000000001,0.7897799015045166,1.0900826454162598,True,0.55,no
KXBTC15M-26OCT041745-45,2026-10-04T17:36:17.392129-04:00,yes,25.0,0.88,2.8151,522.8396031856537,0.8336160982589842,-0.04638390174101581,0.0005602696186928213,0.0013320745896516772,403.7352,0.08757233619689941,0.08745551109313965,False,0.55,yes
KXBTC15M-26OCT041800-00,2026-10-04T17:54:26.386381-04:00,no,25.0,0.87,3.052,333.7674436569214,0.8435623864977033,-0.026437613502296675,0.0005489445499683443,0.0005783643562807805,424.8932,0.1720900535583496,0.187164306640625,False,0.55,no
KXBTC15M-26OCT041815-15,2026-10-04T18:05:01.342925-04:00,yes,25.0,0.945,1.284,598.8048310279846,0.8504858819705169,-0.09451411802948306,0.0014589959388664475,0.0020694207703240153,216.0552,0.03072667121887207,0.1308269500732422,False,0.55,yes
KXBTC15M-26OCT041830-30,2026-10-04T18:23:47.653802-04:00,yes,25.0,0.88,-8.868,372.54531836509705,0.9150999472240786,0.03509994722407861,-0.0006310888634599721,-0.0015149594305849945,601.2168,0.05995583534240723,0.3841423988342285,False,0.55,no
KXBTC15M-26OCT041915-15,2026-10-04T19:10:38.531961-04:00,yes,25.0,0.93,1.636,261.68216466903687,0.8669363893000714,-0.06306361069992861,0.00039252403010148207,0.0008446261499819308,274.47360000000003,0.012862205505371094,0.2150743007659912,False,0.55,yes
KXBTC15M-26OCT041945-45,2026-10-04T19:36:10.575455-04:00,no,25.0,0.946,1.2606,529.6586031913757,0.8608088854658641,-0.08519111453413586,0.0007013998063263305,0.0020013924335823274,229.4,0.537423849105835,2.2869739532470703,True,0.55,no
KXBTC15M-26OCT042015-15,2026-10-04T20:12:17.640109-04:00,no,25.0,0.914,2.0124,162.64757108688354,0.8316178907867324,-0.0713821092132676,0.0008014634312791813,0.0002385260133970224,279.5416,0.05025792121887207,0.28913283348083496,False,0.55,no
KXBTC15M-26OCT042045-45,2026-10-04T20:39:55.640335-04:00,yes,25.0,0.935,1.5186,304.5794117450714,0.8437396983203652,-0.08626030167963483,0.0007657233096070026,0.0008640580695224997,167.0736,0.7966864109039307,1.318589448928833,True,0.55,yes
KXBTC15M-26OCT042100-00,2026-10-04T20:56:16.495090-04:00,yes,25.0,0.8,4.72,223.86598134040833,0.855,0.05499999999999994,0.0006813888550705194,-0.00023519215533762683,376.27520000000004,0.0673832893371582,0.07032608985900879,False,0.55,yes
KXBTC15M-26OCT042115-15,2026-10-04T21:08:13.443463-04:00,no,25.0,0.94,-12.3821,406.7861518859863,0.8312413642765187,-0.10875863572348121,0.0007525429236640013,0.0012063864555744708,112.68520000000001,0.03235936164855957,0.11941289901733398,False,0.55,yes
KXBTC15M-26OCT042130-30,2026-10-04T21:25:01.452850-04:00,yes,25.0,0.925,1.7535,298.7631149291992,0.833655936211127,-0.09034406378887305,0.00018036545773436607,0.0013156486782170962,167.3832,0.03864169120788574,0.1404726505279541,False,0.55,yes
KXBTC15M-26OCT042145-45,2026-10-04T21:35:08.950277-04:00,no,25.0,0.9179999999999999,1.9182,591.8215186595917,0.8504018837688025,-0.06759811623119749,0.0005208285879998442,9.668723904976417e-05,112.97399999999999,0.07501387596130371,0.07306909561157227,False,0.55,no
KXBTC15M-26OCT042200-00,2026-10-04T21:53:46.017927-04:00,no,25.0,0.89,2.5786,374.1789200305939,0.8305579725131089,-0.05944202748689109,0.00014570794839163792,0.00039280634566352113,417.08279999999996,0.001154184341430664,0.7143228054046631,False,0.55,no
KXBTC15M-26OCT042215-15,2026-10-04T22:10:01.831231-04:00,yes,25.0,0.9216791999999999,1.8316,298.65616059303284,0.835346072689867,-0.08365392731013299,0.0007401749365893995,0.0002580654390271775,49.7152,0.6536874771118164,1.2574889659881592,True,0.55,yes
KXBTC15M-26OCT042230-30,2026-10-04T22:23:42.703828-04:00,no,25.0,0.929,1.6595,377.4701793193817,0.8356413142312795,-0.09335868576872053,-0.00013337027019511005,0.0006425446059801221,58.668,0.08307671546936035,0.4698479175567627,False,0.55,no
KXBTC15M-26OCT042245-45,2026-10-04T22:39:30.718590-04:00,yes,25.0,0.9279999999999999,1.683,329.5265986919403,0.8331275611313234,-0.1168724388686766,0.0008223464832939342,0.001748047851408474,76.3,0.35194849967956543,0.3631892204284668,False,0.55,yes
KXBTC15M-26OCT042300-00,2026-10-04T22:56:01.305883-04:00,no,25.0,0.9549952,1.0499,238.94986963272095,0.8674661082362889,-0.08553389176371107,0.0004675873635034966,-6.203147178851509e-05,83.38,0.5336513519287109,0.9565346240997314,True,0.55,no
KXBTC15M-26OCT042315-15,2026-10-04T23:09:22.309339-04:00,no,25.0,0.93,1.636,338.48615431785583,0.8428415063345133,-0.07715849366548677,0.0001951812785171425,0.00041422112143685297,326.5336,0.30509448051452637,0.44422435760498047,False,0.55,no
KXBTC15M-26OCT042330-30,2026-10-04T23:21:21.544226-04:00,no,25.0,0.924,1.7771,518.7993216514587,0.8528024306043236,-0.06719756939567645,0.00039560731163812424,0.0009453714175687855,261.50239999999997,0.08801436424255371,0.07897543907165527,False,0.55,no
KXBTC15M-26OCT042345-45,2026-10-04T23:36:08.480278-04:00,no,25.0,0.87,3.052,531.7423086166382,0.8573228314036783,-0.01267716859632173,0.00011119703140993753,0.0005801531136485627,583.9652,0.038213253021240234,0.16214990615844727,False,0.55,no
KXBTC15M-26OCT050000-00,2026-10-04T23:57:10.706843-04:00,no,25.0,0.917,1.9418,169.90849685668945,0.8480073311764064,-0.06999266882359367,0.0003495419191683613,0.00027789066602834644,161.6816,0.06072807312011719,1.0106041431427002,False,0.55,no
KXBTC15M-26OCT050015-15,2026-10-05T00:12:18.576893-04:00,no,25.0,0.96,0.9327,161.6792767047882,0.8301708201954594,-0.12782917980454056,0.00011078037325540357,0.0006696605618775608,242.0388,0.21929383277893066,0.2628593444824219,False,0.55,no
KXBTC15M-26OCT050030-30,2026-10-05T00:22:08.350029-04:00,no,25.0,0.9309999999999999,1.6125,471.8527789115906,0.859886071307473,-0.07111392869252708,0.0003376489145932027,0.0003212204699492016,146.2788,0.06198906898498535,0.1035757064819336,False,0.55,no
KXBTC15M-26OCT050045-45,2026-10-05T00:39:00.554571-04:00,no,25.0,0.9520000000000001,1.12,359.7388987541199,0.8387963769821336,-0.11220362301786635,0.0006315828819664082,-0.0004739480586606337,100.40880000000001,0.05779290199279785,0.1627659797668457,False,0.55,no
KXBTC15M-26OCT050130-30,2026-10-05T01:24:11.688423-04:00,no,25.0,0.9,-9.8435,348.6117353439331,0.8513476855584101,-0.048652314441589906,0.0006343573562045401,0.0008324582419333426,694.7672,0.07987093925476074,0.2995595932006836,False,0.55,yes
KXBTC15M-26OCT050145-45,2026-10-05T01:37:22.595264-04:00,yes,25.0,0.95,1.1668,457.57722997665405,0.8538072516876969,-0.10519274831230307,0.0008103157860308574,0.0013937796170864214,227.16240000000002,0.07851767539978027,0.3143036365509033,False,0.55,yes
KXBTC15M-26OCT050215-15,2026-10-05T02:10:31.393114-04:00,yes,25.0,0.94,1.4013,268.83477330207825,0.8369037636135828,-0.10309623638641718,0.0003907332800077157,-0.00013305005245101142,253.51280000000003,0.0750277042388916,0.07637238502502441,False,0.55,yes
KXBTC15M-26OCT050300-00,2026-10-05T02:50:00.314616-04:00,yes,25.0,0.9490000000000001,1.1903,599.8913924694061,0.8769662223436654,-0.07003377765633456,-9.187046287961742e-05,0.00239410492704506,128.6524,0.08118343353271484,1.0076453685760498,False,0.55,yes
KXBTC15M-26OCT050315-15,2026-10-05T03:09:14.396363-04:00,yes,25.0,0.88,-8.616,345.8083653450012,0.837326041213202,-0.04267395878679803,0.0007990955175307679,0.0017070726453731755,804.4344,0.03604865074157715,0.1183319091796875,False,0.55,yes
KXBTC15M-26OCT050400-00,2026-10-05T03:53:26.328322-04:00,no,25.0,0.945,1.284,393.89126110076904,0.8311993496655677,-0.11380065033443221,0.0006861702842833051,0.0006122668036636636,308.0652,0.04537701606750488,0.04710650444030762,False,0.55,no
KXBTC15M-26OCT050415-15,2026-10-05T04:06:07.502303-04:00,yes,25.0,0.946,1.2606,532.7260193824768,0.8656189624579951,-0.07738103754200487,0.000561508001083677,0.0012650927359918462,234.9796,0.05202913284301758,0.20043683052062988,False,0.55,yes
KXBTC15M-26OCT050430-30,2026-10-05T04:25:04.971896-04:00,no,25.0,0.9,-9.3407,295.22966861724854,0.8321263903921753,-0.07687360960782474,0.0008690160080920828,0.0004440155356797426,83.35600000000001,1.3490257263183594,1.6299517154693604,True,0.55,yes
KXBTC15M-26OCT050445-45,2026-10-05T04:38:08.383634-04:00,no,25.0,0.915,1.9888,411.79543113708496,0.8507614552667522,-0.06423854473324786,0.00010049638491205215,0.0011040033960784124,351.6128,0.008998632431030273,0.12727069854736328,False,0.55,no
KXBTC15M-26OCT050515-15,2026-10-05T05:07:17.793545-04:00,no,25.0,0.9390000000000001,1.4247,462.5322403907776,0.8586920801097586,-0.08030791989024133,0.00048274037672091374,0.0005813910282550516,189.7836,0.33948636054992676,0.3894309997558594,False,0.55,no
KXBTC15M-26OCT050545-45,2026-10-05T05:39:01.414058-04:00,yes,25.0,0.9159999999999999,1.9653,358.8290276527405,0.8374881011477489,-0.06251189885225117,0.0006871511924726459,0.0010969569984236038,624.5740000000001,0.07995033264160156,0.08015608787536621,False,0.55,yes
KXBTC15M-26OCT050615-15,2026-10-05T06:06:57.339410-04:00,yes,25.0,0.92,1.8711,482.83175349235535,0.8510659756399176,-0.06893402436008245,0.0005422475229728274,0.00037709275435582335,214.3276,0.016184329986572266,0.08999490737915039,False,0.55,yes
KXBTC15M-26OCT050630-30,2026-10-05T06:25:21.402955-04:00,yes,25.0,0.95,1.1668,278.78991055488586,0.8356403515788943,-0.11435964842110569,0.00018066108480074838,0.00056462281266767,263.4016,0.034616947174072266,0.11970949172973633,False,0.55,yes
KXBTC15M-26OCT050645-45,2026-10-05T06:42:06.189428-04:00,no,25.0,0.95,1.1668,174.00840187072754,0.831940657693806,-0.12805934230619398,0.0005811350388869041,0.0003033761229276344,22.36,0.41843700408935547,0.9193563461303711,False,0.55,no
KXBTC15M-26OCT050700-00,2026-10-05T06:54:51.235579-04:00,yes,25.0,0.946,1.2606,308.9367558956146,0.8890943690807599,-0.06390563091924006,0.0006066376218039071,0.0003229217401485851,20.0808,0.5716726779937744,0.9576325416564941,True,0.55,yes
KXBTC15M-26OCT050715-15,2026-10-05T07:05:00.487729-04:00,no,25.0,0.95,1.1668,599.8825409412384,0.8578370056796698,-0.09216299432033015,0.0007511853935786572,0.0016134399958354084,187.516,0.06198835372924805,1.0542285442352295,False,0.55,no
KXBTC15M-26OCT050730-30,2026-10-05T07:23:03.355558-04:00,yes,25.0,0.89,2.5786,416.823228597641,0.8321957821085361,-0.05780421789146395,0.0001378051351657028,8.325999631608738e-05,739.048,0.02527165412902832,0.10916280746459961,False,0.55,yes
KXBTC15M-26OCT050745-45,2026-10-05T07:40:16.378553-04:00,no,25.0,0.948,1.2137,283.79389905929565,0.8467862565144797,-0.10121374348552026,-6.0888821079574384e-05,0.00048754025720254557,181.264,1.1027500629425049,2.1034257411956787,True,0.55,no
KXBTC15M-26OCT050800-00,2026-10-05T07:57:00.511158-04:00,yes,25.0,0.9520000000000001,1.12,179.6941237449646,0.835615829042348,-0.11038417095765196,0.000644468163888412,0.0011382271832642843,252.6692,0.13541960716247559,0.25060415267944336,False,0.55,yes
KXBTC15M-26OCT050815-15,2026-10-05T08:09:45.490568-04:00,no,25.0,0.948,1.2137,314.7386336326599,0.8370978066239225,-0.11090219337607743,0.00010301942142587617,0.0004316801693469152,33.2928,0.03500175476074219,0.14537572860717773,False,0.55,no
KXBTC15M-26OCT050830-30,2026-10-05T08:24:29.806874-04:00,no,25.0,0.93,1.636,330.53968834877014,0.8414739319245959,-0.08352606807540419,0.00046802444881632876,0.0006100415086136568,375.47759999999994,0.3891613483428955,0.4082646369934082,False,0.55,no
KXBTC15M-26OCT050845-45,2026-10-05T08:37:47.205017-04:00,no,25.0,0.95,1.1668,432.9831886291504,0.8555726236985275,-0.09442737630147247,0.0005271048238120191,9.510613180774286e-05,170.45080000000002,0.5726339817047119,0.9169352054595947,False,0.55,no
KXBTC15M-26OCT050915-15,2026-10-05T09:05:00.346828-04:00,yes,25.0,0.948,1.2137,599.8799073696136,0.8671920381901276,-0.08080796180987238,0.00022314898786235382,0.000866770621767543,260.6524,0.04857969284057617,1.0064966678619385,False,0.55,yes
KXBTC15M-26OCT050930-30,2026-10-05T09:25:23.815918-04:00,no,25.0,0.9590000000000001,0.9561,276.4705128669739,0.8345505510897799,-0.12044944891022002,0.0004778232825436435,0.0007847045915383433,314.1696,1.0969843864440918,1.4698615074157715,True,0.55,no
KXBTC15M-26OCT051015-15,2026-10-05T10:09:06.481449-04:00,yes,25.0,0.9159999999999999,1.9653,353.66949224472046,0.8330715872350419,-0.08792841276495811,0.0008970314367433563,0.0034489891666202865,164.62040000000002,2.002760648727417,2.260453939437866,True,0.55,yes
KXBTC15M-26OCT051145-45,2026-10-05T11:35:03.723647-04:00,no,25.0,0.9390000000000001,1.4247,596.4827024936676,0.8549030104709678,-0.07409698952903221,0.0002075705555187879,0.0030187346550480942,407.3956,0.4087374210357666,1.4725620746612549,False,0.55,no
KXBTC15M-26OCT051230-30,2026-10-05T12:21:28.746192-04:00,no,25.0,0.917,1.9418,511.46849298477173,0.8503714782096214,-0.06462852179037859,0.0004689724931358219,0.0005347415134018263,215.4996,0.47216200828552246,0.7402083873748779,False,0.55,no
KXBTC15M-26OCT051245-45,2026-10-05T12:38:33.541971-04:00,yes,25.0,0.951,1.1434,386.6440556049347,0.8303435527655089,-0.1266564472344911,0.000459051341601846,0.0005668070250279822,243.8868,0.24735140800476074,0.2870018482208252,False,0.55,yes
KXBTC15M-26OCT051300-00,2026-10-05T12:52:06.120011-04:00,yes,25.0,0.927,1.7065,474.0454640388489,0.856194083744093,-0.07380591625590704,0.0008325757707310366,0.001009923442498728,358.0732,0.027255535125732422,0.8491032123565674,False,0.55,yes
KXBTC15M-26OCT051315-15,2026-10-05T13:10:11.966378-04:00,no,25.0,0.9395592,1.4116,288.28862595558167,0.8384348060984803,-0.10056519390151963,0.00033745239510862834,0.00039584126237590667,477.8984,0.07077932357788086,0.6496965885162354,False,0.55,no
KXBTC15M-26OCT051330-30,2026-10-05T13:23:56.706209-04:00,yes,25.0,0.9,2.3425,363.4563994407654,0.8339744175609578,-0.07402558243904223,0.00025789380706697784,0.0003607367423676955,69.4008,1.3333067893981934,1.4890148639678955,True,0.55,yes
KXBTC15M-26OCT051345-45,2026-10-05T13:40:17.450205-04:00,no,25.0,0.9,2.3425,282.81257796287537,0.8497729995269931,-0.05022700047300688,0.0002142521515756668,0.00012167085735648175,1021.94,0.04092717170715332,0.13038110733032227,False,0.55,no
KXBTC15M-26OCT051400-00,2026-10-05T13:57:04.484066-04:00,yes,25.0,0.96,0.9328,175.68684101104736,0.8312158001398092,-0.12878419986019074,0.00017137468738481765,0.00030307908196691713,445.79040000000003,0.16256451606750488,0.20934295654296875,False,0.55,yes
KXBTC15M-26OCT051430-30,2026-10-05T14:22:36.390881-04:00,yes,25.0,0.92,1.8712,443.8574147224426,0.8621578830690184,-0.057842116930981624,0.0005093325182141673,0.0006067192341814298,498.8732,0.07567405700683594,0.07392764091491699,False,0.55,yes
KXBTC15M-26OCT051445-45,2026-10-05T14:43:26.703288-04:00,yes,25.0,0.9259999999999999,1.73,93.45916938781738,0.8574270737888744,-0.10257292621112557,0.00036858841618325755,0.0002754518438219389,129.836,0.621232271194458,1.4307777881622314,True,0.55,yes
KXBTC15M-26OCT051500-00,2026-10-05T14:57:38.418683-04:00,yes,25.0,0.91,2.1066,141.93477296829224,0.8442549075517176,-0.05574509244828241,3.8062266365157527e-05,0.00041288509857384526,1470.7084,1.3235528469085693,1.9664912223815918,True,0.55,yes
KXBTC15M-26OCT051515-15,2026-10-05T15:08:00.414541-04:00,no,25.0,0.92,-10.8162,419.8117685317993,0.8415448846204362,-0.07845511537956384,0.0002382296000570383,-4.207133545541808e-06,307.524,0.023863554000854492,0.13750338554382324,False,0.55,yes
KXBTC15M-26OCT051615-15,2026-10-05T16:13:21.368971-04:00,no,25.0,0.941,1.3778,98.8114366531372,0.8352335905333995,-0.11476640946660044,6.93159599998161e-05,0.00022261713038818076,171.29120000000003,0.5752058029174805,1.1127166748046875,True,0.55,no
KXBTC15M-26OCT051630-30,2026-10-05T16:20:37.947129-04:00,yes,25.0,0.9229999999999999,1.8006,563.3014132976532,0.85224806134158,-0.07175193865842,0.0004751452610267659,0.00040140634497243255,359.4236,0.40169477462768555,0.6110899448394775,False,0.55,yes
KXBTC15M-26OCT051645-45,2026-10-05T16:43:01.793229-04:00,yes,25.0,0.9159999999999999,1.9653,118.47402930259705,0.8411079855042283,-0.11089201449577168,-1.7713567648791617e-05,0.00025878285099656395,12.59,0.7590787410736084,1.489790678024292,True,0.55,yes
KXBTC15M-26OCT051715-15,2026-10-05T17:09:37.336755-04:00,no,25.0,0.85,3.5268,322.85752606391907,0.8307028129829529,-0.01929718701704708,9.551630821424961e-05,0.00018343582649793522,631.3324,0.005309581756591797,0.10489463806152344,False,0.55,no
KXBTC15M-26OCT051730-30,2026-10-05T17:20:00.551881-04:00,yes,25.0,0.91,2.1066,599.7529587745667,0.8747702075120458,-0.03322979248795421,0.0001082632729725308,0.0005134387701533072,304.0164,0.1717510223388672,0.17317628860473633,False,0.55,yes
KXBTC15M-26OCT051745-45,2026-10-05T17:35:00.218171-04:00,yes,25.0,0.9,2.3425,599.9826867580414,0.8902323625648287,0.0002323625648287253,0.0006781855292379291,0.0010491821926670308,932.1032,0.01052999496459961,0.9444007873535156,False,0.55,yes
KXBTC15M-26OCT051800-00,2026-10-05T17:55:02.598685-04:00,yes,25.0,0.88,2.8152,297.6054313182831,0.8338814697176994,-0.04611853028230062,0.00011308445291202673,0.0002434192445019967,370.44599999999997,0.27110815048217773,0.3215138912200928,False,0.55,yes
KXBTC15M-26OCT051815-15,2026-10-05T18:09:29.020563-04:00,no,25.0,0.95,-6.7007,331.16838455200195,0.8385733967080021,-0.11142660329199783,0.0010244299128413514,0.001131488005633563,519.0219999999999,0.02204608917236328,0.75942063331604,False,0.55,yes
KXBTC15M-26OCT051830-30,2026-10-05T18:27:11.570374-04:00,no,25.0,0.87,-15.0583,168.6468324661255,0.8343960003729783,-0.035603999627021654,0.00033509529854314213,0.00018747161306231774,693.8584,0.03981781005859375,0.2578914165496826,False,0.55,yes
